golden_question_id,exam_year,paper,session,question_number,question_text,options_json,marks,question_type,go_subject,go_topic,taxonomy_version,gold_subject,gold_topic,gold_subtopic,human_difficulty,gold_cognitive_level,gold_concepts,reviewer_notes
93b59d0e-6fef-4fcd-bbb0-5eaf67550e12,2007,CS,1,41,"Shortest Path: | Question: 41 In an unweighted, undirected connected graph, the shortest path from a node to every other node is computed most efficiently, in terms of time complexity, by C. Performing a DFS starting from . D. Performing a BFS starting from . 1.39.4 1.39.5 A. B. C. D. 1.39.6 1.39.7 gatecse-2007 algorithms graph-algorithms easy shortest-path",{},2.0,NAT,Shortest Path,,gate_cse_v1,,,,,,,
0e32f4fa-5d3b-4efc-a10b-4d758f0ccef3,2007,CS,1,5,Topological Sort: | Question: 5 Consider the DAG with shown below. Which of the following is not a topological ordering? gatecse-2007 algorithms graph-algorithms topological-sort easy,{},1.0,NAT,Topological Sort,,gate_cse_v1,,,,,,,
41afc00b-bc86-4054-9a9a-9ac9548d41f1,2007,CS,1,25,"Eigen Value: | Question: 25 Let A be a matrix with eigen values -5,-2,1,4. Which of the following is an eigen value of the matrix , where is the identity matrix? gatecse-2007 eigen-value linear-algebra difficult",{},1.0,NAT,Eigen Value,,gate_cse_v1,,,,,,,
61cd3162-a18f-4187-b02c-22f8946b1d53,2004,CS,1,56,"Fragmentation: | Question: 56 Consider three IP networks and . Host in network sends messages each containing bytes of application data to a host in network . The layer preﬁxes byte header to the message. This passes through an intermediate network .The maximum packet size, including byte IP header, in each network is: A: B: C: The network and are connected through a Mbps link, while and are connected by a Kbps link (bps = bits per second). Assuming that the packets are correctly delivered, how many bytes, including headers, are delivered to the layer at the destination for one application message, in the best case? Consider only data packets. gatecse-2004 computer-networks ip-addressing fragmentation tcp normal",{},2.0,NAT,Fragmentation,,gate_cse_v1,,,,,,,
08a83837-c2be-4075-9e5a-7ddb0858cab2,2012,CS,1,53,"Parsing: | Question: 53 For the grammar below, a partial parsing table is also presented along with the grammar. Entries that A. B. C. D. 2.22.18 A. Only S1 B. Only S2 C. Both S1 and S2 D. Neither S1 and S2 2.22.19 need to be ﬁlled are indicated as and . is the empty string, $ indicates end of input, and, separates alternate right hand sides of productions. The appropriate entries for and are normal gatecse-2012 compiler-design parsing",{},2.0,NAT,Parsing,,gate_cse_v1,,,,,,,
89d4f8b1-82a5-4920-9ebf-013d29c5783e,2019,CS,1,13,Limits: | Question: 13 Compute gatecse-2019 engineering-mathematics calculus limits one-mark,{},1.0,NAT,Limits,,gate_cse_v1,,,,,,,
2d231dfd-cf85-490e-9324-603f83853869,2010,CS,1,59,"Venn Diagram: | Question: 59 persons are in a room. of them play hockey, of them play football and of them play both hockey and football. Then the number of persons playing neither hockey nor football is: gatecse-2010 quantitative-aptitude easy set-theory&algebra venn-diagram",{},2.0,NAT,Venn Diagram,,gate_cse_v1,,,,,,,
6f7cb9ff-587a-4d09-a1fb-4b02d2221bce,2008,CS,1,66,Fork System Call: | Question: 66 A process executes the following code for(i=0; i<n; i++) fork(); The total number of child processes created is gatecse-2008 operating-system fork-system-call normal,{},1.0,NAT,Fork System Call,,gate_cse_v1,,,,,,,
ab4f3cc3-77e2-4c57-b9c6-93d66eb3ced1,1992,CS,1,0,gate1992 digital-logic combinational-circuit multiplexer descriptive,{},1.0,NAT,digital-logic,combinational-circuit,gate_cse_v1,,,,,,,
b234ecaf-9ae8-408a-aca9-fa26c83180fd,2001,CS,1,12,Interrupts: | Question: 1.12 A processor needs software interrupt to A. test the interrupt system of the processor B. implement co-routines C. obtain system services which need execution of privileged instructions D. return from subroutine gatecse-2001 operating-system interrupts easy,"{""A"": ""test the interrupt system of the processor"", ""B"": ""implement co-routines"", ""C"": ""obtain system services which need execution of privileged instructions"", ""D"": ""return from subroutine gatecse-2001 operating-system interrupts easy""}",1.0,MCQ,Interrupts,,gate_cse_v1,,,,,,,
d79633ce-ab65-45cb-90de-ccc3e04cb65b,2011,CS,1,13,Digital Circuits: | Question: 13 Which one of the following circuits is NOT equivalent to a -input (exclusive ) gate? A. B. C. D. 4.12.5 A. Priority encoder B. Decoder C. Multiplexer D. Demultiplexer 4.12.6 A. Full adder B. Priority encoder C. Multiplexor D. Flip-flop 4.12.7 4.13 gatecse-2011 digital-logic normal digital-circuits,{},1.0,NAT,Digital Circuits,,gate_cse_v1,,,,,,,
7969f2cf-8d03-4a17-8c21-5ff786777d4c,1994,CS,1,3,Finite State Machines: | Question: 3.3 State True or False with one line explanation A FSM (Finite State Machine) can be designed to add two integers of any arbitrary length (arbitrary number of digits). gate1994 digital-logic normal true-false finite-state-machines,{},1.0,NAT,Finite State Machines,,gate_cse_v1,,,,,,,
c53c6cab-ffe8-45f0-9c56-794a60fef60f,2009,CS,1,11,"Selection Sort: | Question: 11 What is the number of swaps required to sort elements using selection sort, in the worst case? gatecse-2009 algorithms sorting easy selection-sort",{},1.0,NAT,Selection Sort,,gate_cse_v1,,,,,,,
9c2bf7e5-de2d-49f2-80e1-ef41b865ce9a,2004,CS,1,49,"Disk: | Question: 49 A unix-style I-nodes has direct pointers and one single, one double and one triple indirect pointers. Disk block size is Kbyte, disk block address is bits, and -bit integers are used. What is the maximum possible file size? gatecse-2004 operating-system disk normal",{},2.0,NAT,Disk,,gate_cse_v1,,,,,,,
38f20875-caa2-435b-bbcd-3dbc7d9314a3,2023,CS,1,26,Runtime Environment: | Question: 26 Consider the following program: int main() { f1 (); f2(2); f3(); return (0); } int f1 () { return(1); } int f2 (int X) { f3(); if (X==1); return f1 (); else return (X * f2 (X - 1)); } int f3 () { return (5); } Which one of the following options represents the activation tree corresponding to the main function? gatecse-2023 compiler-design runtime-environment two-marks,{},2.0,NAT,Runtime Environment,,gate_cse_v1,,,,,,,
67b1b0f9-d0fe-4c1c-9d17-7d5450680972,2008,CS,1,29,"Normal Distribution: | Question: 29 Let be a random variable following normal distribution with mean and variance . Let be another normal variable with mean and variance unknown. If , the standard deviation of is gatecse-2008 random-variable normal-distribution probability normal",{},2.0,NAT,Normal Distribution,,gate_cse_v1,,,,,,,
58418a77-8148-42cd-a74d-a86cf80c5b49,2020,CS,1,37,"Conflict Serializable: | Question: 37 Consider a schedule of transactions and : Here, RX stands for “Read(X)” and WX stands for “Write(X)”. Which one of the following schedules is conﬂict equivalent to the above schedule? A. B. C. D. 3.4.8 3.4.9 A. Both and are true B. is true and is false C. is false and is true D. Both and are false 3.4.10 A. B. C. D. 3.4.11 A. B. C. D. gatecse-2020 databases transaction-and-concurrency two-marks conflict-serializable",{},2.0,NAT,Conflict Serializable,,gate_cse_v1,,,,,,,
8a6745d2-5f9b-4bca-8556-f0aaf8097b61,2018,CS,1,49,"Min Sum of Products Form: | Question: 49 Consider the minterm list form of a Boolean function given below. Here, denotes a minterm and denotes a don't care term. The number of essential prime implicants of the function is ___ gatecse-2018 digital-logic min-sum-of-products-form k-map numerical-answers two-marks",{},2.0,NAT,Min Sum of Products Form,,gate_cse_v1,,,,,,,
167a92eb-7714-4b50-ab3d-8912b10cb127,2019,CS,1,25,"Algorithm Design: | Question: 25 Consider a sequence of elements: . The sequence sum . Determine the maximum of , where . (Divide and conquer approach may be used.) Answer: ___________ gatecse-2019 numerical-answers algorithms algorithm-design one-mark",{},1.0,NAT,Algorithm Design,,gate_cse_v1,,,,,,,
c492e889-3307-46ca-a3f2-37aca051da8c,2022,CS,1,51,"Stall: | Question: 51 A processor operating at has a standard stage instruction pipeline having a base of one without any pipeline hazards. For a given program that has branch instructions, control hazards incur cycles stall for every branch. A new version of the processor operating at same clock frequency has an additional branch predictor unit that completely eliminates stalls for correctly predicted branches. There is neither any savings nor any additional stalls for wrong predictions. There are no structural hazards and data hazards for and If the has a prediction accuracy of the speed up obtained by over in executing is _______________. gatecse-2022 numerical-answers co-and-architecture pipelining stall two-marks",{},2.0,NAT,Stall,,gate_cse_v1,,,,,,,
a9005428-c55b-4af3-b82e-20008d0fd77e,2023,CS,1,5,Recurrence Relation: | Question: 5 The Lucas sequence is defined by the recurrence relation: with and . Which one of the options given is TRUE? gatecse-2023 combinatory recurrence-relation one-mark,{},1.0,NAT,Recurrence Relation,,gate_cse_v1,,,,,,,
b27c4f98-fe13-45ff-8205-b3039b6ddddb,1998,CS,1,9,System of Equations: | Question: 9 Derive the expressions for the number of operations required to solve a system of linear equations in unknowns using the Gaussian Elimination Method. Assume that one operation refers to a multiplication followed by an addition. gate1998 linear-algebra system-of-equations descriptive,{},1.0,NAT,System of Equations,,gate_cse_v1,,,,,,,
6c367d7d-17b5-4272-809d-d05ee0f7d8f8,2013,CS,1,6,Selection Sort: | Question: 6 Which one of the following is the tightest upper bound that represents the number of swaps required to sort numbers using selection sort? gatecse-2013 algorithms sorting easy selection-sort,{},1.0,NAT,Selection Sort,,gate_cse_v1,,,,,,,
b3fd154c-4694-43ea-9c98-1d7d128625b4,2020,CS,1,15,Routing: | Question: 15 Consider the following statements about the functionality of an based router. I. A router does not modify the packets during forwarding. II. It is not necessary for a router to implement any routing protocol. III. A router should reassemble fragments if the of the outgoing link is larger than the size of the incoming packet. Which of the above statements is/are TRUE? gatecse-2020 computer-networks routing one-mark,{},1.0,NAT,Routing,,gate_cse_v1,,,,,,,
cae96ed3-ca19-4294-adb1-d65f5f977838,2012,CS,1,57,Most Appropriate Word: | Question: 57 Choose the most appropriate alternative from the options given below to complete the following sentence: Despite several _________ the mission succeeded in its attempt to resolve the conflict. gatecse-2012 verbal-aptitude easy most-appropriate-word,{},2.0,NAT,Most Appropriate Word,,gate_cse_v1,,,,,,,
2f6b00f9-bf2a-4321-bbaa-e1eb57dc63c0,1988,CS,1,4,"Adder: | Question: 4ii Using binary full adders and other logic gates (if necessary), design an adder for adding -bit number (including sign) in complement notation. gate1988 digital-logic descriptive adder",{},1.0,NAT,Adder,,gate_cse_v1,,,,,,,
6329a78d-3c45-485c-9406-f11ce8f1e7fc,2005,CS,1,12,"Random Variable: | Question: 12, ISRO2009-64 Let be the continuous probability density function of a random variable , the probability that , is : gatecse-2005 probability random-variable easy isro2009",{},1.0,NAT,Random Variable,,gate_cse_v1,,,,,,,
04d196f4-ce20-4f5f-bf0f-56184d9b38de,2012,CS,1,9,Maxima Minima: | Question: 9 Consider the function in the interval . The number and location(s) of the local minima of this function are gatecse-2012 calculus maxima-minima normal,{},1.0,NAT,Maxima Minima,,gate_cse_v1,,,,,,,
b2c7bd3e-304d-46a4-bf4f-ff2aa04f5e0e,2018,CS,1,55,"CSMA CD: | Question: 55 Consider a simple communication system where multiple nodes are connected by a shared broadcast medium (like Ethernet or wireless). The nodes in the system use the following carrier-sense based medium access protocol. A node that receives a packet to transmit will carrier-sense the medium for units of time. If the node does not detect any other transmission, it starts transmitting its packet in the next time unit. If the node detects another transmission, it waits until this other transmission ﬁnishes, and then begins to carrier-sense for time units again. Once they start to transmit, nodes do not perform any collision detection and continue transmission even if a collision occurs. All transmissions last for units of time. Assume that the transmission signal travels at the speed of meters per unit time in the medium. Assume that the system has two nodes and , located at a distance meters from each other. start transmitting a packet at time after successfully completing its carrier-sense phase. Node has a packet to 2.6.4 2.6.5 A. B. C. D. 2.6.6 A. B. C. D. None of the above 2.7 2.7.1 A. B. C. D. 2.8 2.8.1 transmit at time and begins to carrier-sense the medium. The maximum distance (in meters, rounded to the closest integer) that allows to successfully avoid a collision between its proposed transmission and ’s ongoing transmission is _______. gatecse-2018 computer-networks csma-cd numerical-answers two-marks",{},2.0,NAT,CSMA CD,,gate_cse_v1,,,,,,,
d14cb460-bdcc-41fc-a055-8e8b81e8fc83,2022,CS,1,30,Combinational Circuit: | Question: 30 Consider a digital display system shown in the ﬁgure that displays the contents of register A code word is used to load a word in either from or from is a word memory segment and is a word register ﬁle. Based on the value of mode bit selects an input word to load in and interface with the corresponding bits in the code word to choose the addressed word. Which one of the following represents the functionality of and 4.9.2 4.10 4.10.1 A. is multiplexer is multiplexer is multiplexer B. is decoder is decoder is encoder C. is decoder is decoder is multiplexer D. is de-multiplexer is de-multiplexer is multiplexer gatecse-2022 digital-logic combinational-circuit two-marks,"{""A"": ""is multiplexer is multiplexer is multiplexer"", ""B"": ""is decoder is decoder is encoder"", ""C"": ""is decoder is decoder is multiplexer"", ""D"": ""is de-multiplexer is de-multiplexer is multiplexer gatecse-2022 digital-logic combinational-circuit two-marks""}",2.0,MSQ,Combinational Circuit,,gate_cse_v1,,,,,,,
af5ad236-90f9-4c95-a86c-32691db30da9,1995,CS,1,11,"Decidability: | Question: 11 Let be a language over i.e., . Suppose satisfies the two conditions given below. i. is in NP and ii. For every , there is exactly one string of length that belongs to . Let be the complement of over . Show that is also in NP. gate1995 theory-of-computation normal decidability proof descriptive",{},1.0,NAT,Decidability,,gate_cse_v1,,,,,,,
0ec2df59-f087-4420-8afb-bd02533494d7,2023,CS,1,12,Process: | Question: 12 Which one or more of the following need to be saved on a context switch from one thread of a process to another thread of the same process? gatecse-2023 operating-system process multiple-selects one-mark,{},1.0,NAT,Process,,gate_cse_v1,,,,,,,
33a8f5b4-6a25-4422-88d8-92330711198b,2025,CS,2,36,"Q.36 Suppose we are transmitting frames between two nodes using Stop-and-Wait protocol. The frame size is 3000 bits. The transmission rate of the channel is 2000 bps (bits/second) and the propagation delay between the two nodes is 100 milliseconds. Assume that the processing times at the source and destination are negligible. Also, assume that the size of the acknowledgement packet is negligible. Which ONE of the following most accurately gives the channel utilization for the above scenario in percentage? (A) 88.23 (B) 93.75 (C) 85.44 (D) 66.67 Computer Science and Information Technology (CS2) Organising Institute: IIT Roorkee","{""A"": ""88.23"", ""B"": ""93.75"", ""C"": ""85.44"", ""D"": ""66.67 Computer Science and Information Technology (CS2) Organising Institute: IIT Roorkee""}",2.0,MCQ,,,gate_cse_v1,,,,,,,
3fac09a5-8bed-41f6-b1e8-3cfe4bca67ba,2005,CS,1,18,Min Sum of Products Form: | Question: 18 The switching expression corresponding to is: gatecse-2005 digital-logic normal min-sum-of-products-form,{},1.0,NAT,Min Sum of Products Form,,gate_cse_v1,,,,,,,
ed5581e8-eeca-45d5-be31-af1c018b56c2,2013,CS,1,37,"Fragmentation: | Question: 37 In an IPv4 datagram, the bit is , the value of is , the value of total length is and the fragment oﬀset value is . The position of the datagram, the sequence numbers of the ﬁrst and the last bytes of the payload, respectively are: gatecse-2013 computer-networks ip-addressing fragmentation normal 2.14.4 2.14.5 A. fragments bytes B. fragments bytes C. fragments bytes D. fragments bytes 2.15 2.15.1 2.15.2","{""A"": ""fragments bytes"", ""B"": ""fragments bytes"", ""C"": ""fragments bytes"", ""D"": ""fragments bytes 2.15 2.15.1 2.15.2""}",2.0,MCQ,Fragmentation,,gate_cse_v1,,,,,,,
777820f7-8022-4d01-ad25-23df36e4761d,2003,CS,1,82,"Subnetting: | Question: 82, ISRO2009-1 The subnet mask for a particular network is Which of the following pairs of addresses could belong to this network? gatecse-2003 computer-networks subnetting normal isro2009",{},1.0,NAT,Subnetting,,gate_cse_v1,,,,,,,
287fd990-8e48-4c4a-9b0f-d75c05ece4fc,2013,CS,1,24,Expectation: | Question: 24 Consider an undirected random graph of eight vertices. The probability that there is an edge between a pair of vertices is What is the expected number of unordered cycles of length three? gatecse-2013 probability expectation normal,{},1.0,NAT,Expectation,,gate_cse_v1,,,,,,,
e41eb3ac-32ab-4963-ab77-24bafc5e1a88,2013,CS,1,29,"Disk: | Question: 29 Consider a hard disk with recording surfaces having cylinders and each cylinder contains sectors . Data storage capacity in each sector is bytes. Data are organized cylinder-wise and the addressing format is . A ﬁle of size KB is stored in the disk and the starting disk location of the ﬁle is . What is the cylinder number of the last sector of the file, if it is stored in a contiguous manner? gatecse-2013 operating-system disk normal",{},2.0,NAT,Disk,,gate_cse_v1,,,,,,,
b62fcdfd-188d-4dd1-a84e-03a26433c288,2005,CS,1,2,"Abstract Data Type: | Question: 2 An Abstract Data Type (ADT) is: A. same as an abstract class B. a data type that cannot be instantiated C. a data type for which only the operations defined on it can be used, but none else D. all of the above gatecse-2005 data-structures normal abstract-data-type","{""A"": ""same as an abstract class"", ""B"": ""a data type that cannot be instantiated"", ""C"": ""a data type for which only the operations defined on it can be used, but none else"", ""D"": ""all of the above gatecse-2005 data-structures normal abstract-data-type""}",1.0,MCQ,Abstract Data Type,,gate_cse_v1,,,,,,,
729d2ffc-e2e8-4d60-bc6d-6b492ba4cc71,2013,CS,1,56,"Synonyms: | Question: 56 Which one of the following options is the closest in meaning to the word given below? Nadir gatecse-2013 verbal-aptitude synonyms normal 7.19.5 A. aversion, dislike B. luminous, radiant C. plunder, loot D. yielding, resistant 7.20 7.20.1 A. could have, been B. would have, being C. had, have D. had been, been 7.20.2 A. B. C. D. 7.21 7.21.1 A. would fly B. shall fly C. should fly D. shall have flown 7.21.2 A. you said B. did you say C. did you say that D. had you said 7.21.3 A. knows, will have B. knew, had C. had known, could have D. should have known, would have 7.21.4 A. was wishing B. is wishing C. wished D. had wished 7.21.5 A. have been playing B. had been playing C. would have been playing D. could be playing","{""A"": ""aversion, dislike"", ""B"": ""luminous, radiant"", ""C"": ""plunder, loot"", ""D"": ""yielding, resistant 7.20 7.20.1""}",2.0,MCQ,Synonyms,,gate_cse_v1,,,,,,,
37d33df2-e93b-4da8-b73c-35da9de415ef,2019,CS,1,34,Countable Uncountable Set: | Question: 34 Consider the following sets: S1: Set of all recursively enumerable languages over the alphabet A. S1 and S2 B. S3 and S4 C. S2 and S3 D. S1 and S4 6.5 6.5.1 6.5.2 6.5.3 6.5.4 6.5.5 S2: Set of all syntactically valid C programs S3: Set of all languages over the alphabet S4: Set of all non-regular languages over the alphabet Which of the above sets are uncountable? gatecse-2019 theory-of-computation countable-uncountable-set two-marks,"{""A"": ""S1 and S2"", ""B"": ""S3 and S4"", ""C"": ""S2 and S3"", ""D"": ""S1 and S4 6.5 6.5.1 6.5.2 6.5.3 6.5.4 6.5.5 S2: Set of all syntactically valid C programs S3: Set of all languages over the alphabet S4: Set of all non-regular languages over the alphabet Which of the above sets are uncountable? gatecse-2019 theory-of-computation countable-uncountable-set two-marks""}",2.0,MCQ,Countable Uncountable Set,,gate_cse_v1,,,,,,,
305f2666-af3e-417c-88ef-9912ae904377,2020,CS,1,40,"Shortest Path: | Question: 40 Let be a directed, weighted graph with weight function . For some function , for each edge , define as . Which one of the options completes the following sentence so that it is TRUE? “The shortest paths in under are shortest paths under too,_____________”. A. for every B. if and only if is positive C. if and only if is negative D. if and only if is the distance from to in the graph obtained by adding a new vertex to and edges of zero weight from to every vertex of gatecse-2020 algorithms graph-algorithms two-marks shortest-path","{""A"": ""for every"", ""B"": ""if and only if is positive"", ""C"": ""if and only if is negative"", ""D"": ""if and only if is the distance from to in the graph obtained by adding a new vertex to and edges of zero weight from to every vertex of gatecse-2020 algorithms graph-algorithms two-marks shortest-path""}",2.0,MCQ,Shortest Path,,gate_cse_v1,,,,,,,
ce0fc53a-18e9-4c62-8d83-2af561efecdb,2018,CS,1,51,"Instruction Format: | Question: 51 A processor has integer registers and ﬂoating point registers It uses a instruction format. There are four categories of instructions: and category consists of four instructions, each with integer register operands category consists of eight instructions, each with ﬂoating point register operands category consists of fourteen instructions, each with one integer register operand and one ﬂoating point register operand category consists of instructions, each with a ﬂoating point register operand The maximum value of is _________. gatecse-2018 co-and-architecture machine-instruction instruction-format numerical-answers two-marks",{},2.0,NAT,Instruction Format,,gate_cse_v1,,,,,,,
527da4b5-25e7-4734-bb8a-2d41d540f121,1995,CS,1,8,"Polynomials: | Question: 2.8 If the cube roots of unity are and , then the roots of the following equation are gate1995 calculus normal polynomials",{},1.0,NAT,Polynomials,,gate_cse_v1,,,,,,,
77c807ab-ac14-4214-881b-ab928bc06878,2013,CS,1,26,"Graph Connectivity: | Question: 26 The line graph of a simple graph is defined as follows: There is exactly one vertex in for each edge in . For any two edges and in , has an edge between and , if and only if and are incident with the same vertex in . Which of the following statements is/are TRUE? (P) The line graph of a cycle is a cycle. (Q) The line graph of a clique is a clique. (R) The line graph of a planar graph is planar. (S) The line graph of a tree is a tree. gatecse-2013 graph-theory normal graph-connectivity",{},2.0,NAT,Graph Connectivity,,gate_cse_v1,,,,,,,
c03ff29f-d75b-4010-bf06-f1285cd90f17,2020,CS,1,30,"Cache Memory: | Question: 30 A computer system with a word length of bits has a MB byte- addressable main memory and a KB, -way set associative cache memory with a block size of bytes. Consider the following four physical addresses represented in hexadecimal notation. , , , Which one of the following is TRUE? A. and are mapped to different cache sets. B. and are mapped to the same cache set. C. and are mapped to the same cache set. D. and are mapped to the same cache set. gatecse-2020 co-and-architecture cache-memory two-marks","{""A"": ""and are mapped to different cache sets."", ""B"": ""and are mapped to the same cache set."", ""C"": ""and are mapped to the same cache set."", ""D"": ""and are mapped to the same cache set. gatecse-2020 co-and-architecture cache-memory two-marks""}",2.0,MCQ,Cache Memory,,gate_cse_v1,,,,,,,
edf94fd9-8929-4a26-ab0d-cd9af2fcbcf1,2011,CS,1,21,"Addressing Modes: | Question: 21 Consider a hypothetical processor with an instruction of type , which during execution reads a word from memory and stores it in a register . The eﬀective address of the memory location is obtained by the addition of a constant and the contents of register . Which of the following best reflects the addressing mode implemented by this instruction for the operand in memory? gatecse-2011 co-and-architecture addressing-modes easy",{},1.0,NAT,Addressing Modes,,gate_cse_v1,,,,,,,
8cd3362f-8bdd-4485-bd7a-5738d97d81a9,2019,CS,1,15,"Pumping Lemma: | Question: 15 For , let us consider the regular language . Which one of the following can be a pumping length (the constant guaranteed by the pumping lemma) for ? gatecse-2019 theory-of-computation pumping-lemma one-mark",{},1.0,NAT,Pumping Lemma,,gate_cse_v1,,,,,,,
06127ebf-f3ef-48b6-9bf3-deaff87fee8f,2008,CS,1,24,"Summation: | Question: 24 Let and , where is a positive integer. Then gatecse-2008 combinatory easy summation",{},1.0,NAT,Summation,,gate_cse_v1,,,,,,,
5189e774-469d-4e9c-b018-75b9391634fc,2000,CS,1,2,"Independent Events: | Question: 2.2 and are events in a probability space satisfying the following constraints: = = and are independent The value of , the probability of the event , is gatecse-2000 probability easy independent-events",{},1.0,NAT,Independent Events,,gate_cse_v1,,,,,,,
afd98436-03ba-4c61-bced-c46a9ef3b83f,2022,CS,1,45,Subnetting: | Question: 45 Consider routing table of an organization’s router shown below: Which of the following preﬁxes in notation can be collectively used to correctly aggregate all of the subnets in the routing table? gatecse-2022 computer-networks subnetting multiple-selects two-marks,{},2.0,NAT,Subnetting,,gate_cse_v1,,,,,,,
6c8e8069-b04b-437b-9fb0-789a12476bbf,2005,CS,1,32,"Programming In C: | Question: 32 Consider the following C program: double foo (double); /* Line 1 */ int main() { double da, db; //input da db = foo(da); } double foo (double a) { return a; } The above code compiled without any error or warning. If Line is deleted, the above code will show: A. no compile warning or error B. some compiler-warnings not leading to unintended results C. some compiler-warnings due to type-mismatch eventually leading to unintended results D. compiler errors gatecse-2005 programming programming-in-c compiler-design easy","{""A"": ""no compile warning or error"", ""B"": ""some compiler-warnings not leading to unintended results"", ""C"": ""some compiler-warnings due to type-mismatch eventually leading to unintended results"", ""D"": ""compiler errors gatecse-2005 programming programming-in-c compiler-design easy""}",2.0,MCQ,Programming In C,,gate_cse_v1,,,,,,,
de6b186f-56a7-4504-9a80-a5cfa8d11a8a,1999,CS,1,0,gate1999 combinatory normal,{},1.0,NAT,combinatory,normal,gate_cse_v1,,,,,,,
e3d16b16-9351-42eb-a07d-7b6013fdc2cf,2013,CS,1,64,"Speed Time Distance: | Question: 64 A tourist covers half of his journey by train at , half of the remainder by bus at and the rest by cycle at . The average speed of the tourist in during his entire journey is gatecse-2013 quantitative-aptitude easy speed-time-distance",{},2.0,NAT,Speed Time Distance,,gate_cse_v1,,,,,,,
0c7ec885-a9bb-495a-bd91-248200aa9c1b,2019,CS,1,30,"Canonical Normal Form: | Question: 30 Consider three -variable functions , and , which are expressed in sum-of-minterms as For the following circuit with one AND gate and one XOR gate the output function can be expressed as: gatecse-2019 digital-logic digital-circuits two-marks canonical-normal-form",{},2.0,NAT,Canonical Normal Form,,gate_cse_v1,,,,,,,
dd705f24-5929-484f-9ed5-5376ee74150c,2010,CS,1,18,B Tree: | Question: 18 Consider a -tree in which the maximum number of keys in a node is . What is the minimum number of keys in any non-root node? gatecse-2010 databases b-tree easy,{},1.0,NAT,B Tree,,gate_cse_v1,,,,,,,
0c97a27a-05d2-46c8-a325-be607d7ffd16,2018,CS,1,23,Memory Interfacing: | Question: 23 A wide main memory unit with a capacity of is built using DRAM chips. The number of rows of memory cells in the DRAM chip is . The time taken to perform one refresh operation is . The refresh period is The percentage (rounded to the closest integer) of the time available for performing the memory read/write operations in the main memory unit is _________. gatecse-2018 co-and-architecture memory-interfacing normal numerical-answers one-mark,{},1.0,NAT,Memory Interfacing,,gate_cse_v1,,,,,,,
2b5ebbdf-0a11-42de-bf35-f57ce494d5b6,2008,CS,1,59,"Sockets: | Question: 59 A client process P needs to make a TCP connection to a server process S. Consider the following situation: the server process S executes a , a and a system call in that order, following which it is preempted. Subsequently, the client process P executes a system call followed by system call to connect to the server process S. The server process has not executed any system call. Which one 2.32.3 A. B. C. D. 2.32.4 A. B. C. D. 2.33 2.33.1 2.33.2 2.33.3 of the following events could take place? A. system call returns successfully B. system call blocks C. system call returns an error D. system call results in a core dump gatecse-2008 computer-networks sockets normal",{},2.0,NAT,Sockets,,gate_cse_v1,,,,,,,
c5d2ada2-1576-4133-9c26-cda24c54d185,2013,CS,1,15,"Indexing: | Question: 15 An index is clustered, if A. it is on a set of fields that form a candidate key 3.11.9 A. Dense B. Sparse C. Clustered D. Unclustered 3.11.10 3.11.11 3.11.12 B. it is on a set of fields that include the primary key C. the data records of the file are organized in the same order as the data entries of the index D. the data records of the file are organized not in the same order as the data entries of the index gatecse-2013 databases indexing normal",{},1.0,NAT,Indexing,,gate_cse_v1,,,,,,,
8072e0b1-1703-40ba-b149-b44e8dedd241,2010,CS,1,6,Canonical Normal Form: | Question: 6 The minterm expansion of is gatecse-2010 digital-logic canonical-normal-form normal,{},1.0,NAT,Canonical Normal Form,,gate_cse_v1,,,,,,,
6cb1c2ab-6ac8-41d9-b162-8e3720804d3d,2022,CS,1,35,System of Equations: | Question: 35 Consider solving the following system of simultaneous equations using decomposition. where and are denoted as Which one of the following is the correct combination of values for and gatecse-2022 linear-algebra matrix system-of-equations two-marks,{},2.0,NAT,System of Equations,,gate_cse_v1,,,,,,,
bea3d7bd-e2c7-4109-be9f-7fd4f0262316,2023,CS,1,18,Maxima Minima: | Question: 18 Let be a real-valued function. Which of the following statements is/are gatecse-2023 calculus maxima-minima multiple-selects one-mark,{},1.0,NAT,Maxima Minima,,gate_cse_v1,,,,,,,
c3d80ff5-b9e7-4849-bdb1-aa2b6bd5b302,1987,CS,1,13,Shift Registers: | Question: 13-a The below ﬁgure shows four -type ﬂip-ﬂops connected as a shift register using a gate. The initial state and three subsequent states for three clock pulses are also given. A. B. C. D. 4.34.2 4.35 4.35.1 4.36 4.36.1 A. faster operation B. ease of avoiding problems due to hazards C. lower hardware requirement D. better noise immunity E. none of the above The state after the fourth clock pulse is gate1987 digital-logic circuit-output sequential-circuit digital-counter shift-registers,{},1.0,NAT,Shift Registers,,gate_cse_v1,,,,,,,
3891eb53-909d-4317-91bc-e2f8d18acf7c,2001,CS,1,21,"Virtual Memory: | Question: 2.21 Consider a machine with MB physical memory and a -bit virtual address space. If the page size is KB, what is the approximate size of the page table? gatecse-2001 operating-system virtual-memory normal",{},1.0,NAT,Virtual Memory,,gate_cse_v1,,,,,,,
8e61a689-5c9e-4ecd-b013-ba5a2e11f46c,1994,CS,1,28,"Resource Allocation: | Question: 28 Consider the resource allocation graph in the figure. A. Find if the system is in a deadlock state B. Otherwise, find a safe sequence gate1994 operating-system resource-allocation normal descriptive",{},2.0,NAT,Resource Allocation,,gate_cse_v1,,,,,,,
099028b8-a80b-42d7-b935-53262e578a00,2009,CS,1,31,"Disk Scheduling: | Question: 31 Consider a disk system with cylinders. The requests to access the cylinders occur in following sequence: Assuming that the head is currently at cylinder , what is the time taken to satisfy all requests if it takes to move from one cylinder to adjacent one and shortest seek time first policy is used? A. B. C. D. 5.8.9 5.8.10 5.8.11 5.8.12 5.8.13 gatecse-2009 operating-system disk-scheduling normal",{},2.0,NAT,Disk Scheduling,,gate_cse_v1,,,,,,,
48675b0a-47de-446e-8c22-0b7d2cf7fb15,2018,CS,1,48,"Greedy Algorithms: | Question: 48 Consider the weights and values of items listed below. Note that there is only one unit of each item. The task is to pick a subset of these items such that their total weight is no more than Kgs and their total value is maximized. Moreover, no item may be split. The total value of items picked by an optimal algorithm is denoted by . A greedy algorithm sorts the items by their value-to-weight ratios in descending order and packs them greedily, starting from the ﬁrst item in the ordered list. The total value of items picked by the greedy algorithm is denoted by . The value of is ____ gatecse-2018 algorithms greedy-algorithms numerical-answers two-marks 1.20 1.20.1 A. B. C. D. 1.20.2 1.20.3 A. B.",{},1.0,NAT,Greedy Algorithms,,gate_cse_v1,,,,,,,
7ab6e86c-82ad-42af-a5ec-69a7ba98f486,2012,CS,1,39,"Merge Sort: | Question: 39 A list of strings, each of length , is sorted into lexicographic order using the merge-sort algorithm. The worst case running time of this computation is gatecse-2012 algorithms sorting normal merge-sort",{},2.0,NAT,Merge Sort,,gate_cse_v1,,,,,,,
e1e76d21-6717-41df-81f6-d0446a70ea24,2020,CS,1,27,"Rank of Matrix: | Question: 27 Let and be two matrices over real numbers. Let rank( ) and denote the rank and determinant of a matrix , respectively. Consider the following statements. I. II. III. IV. Which of the above statements are TRUE? 3.18.6 3.18.7 3.18.8 A. B. C. D. 3.19 3.19.1 A. B. C. D. 3.20 3.20.1 3.21 3.21.1 A. controllable but not observable B. not controllable but observable C. both controllable and observable D. both not controllable and not observable 3.21.2 gatecse-2020 linear-algebra matrix two-marks rank-of-matrix",{},2.0,NAT,Rank of Matrix,,gate_cse_v1,,,,,,,
3bea8d40-b2be-4888-ae9f-1a6853bdc708,2023,CS,1,47,"Least Recently Used: | Question: 47 Consider the following two-dimensional array in the programming language, which is stored in row- major order: int D[128][128]; Demand paging is used for allocating memory and each physical page frame holds elements of the array The Least Recently Used page-replacement policy is used by the operating system. A total of physical page frames are allocated to a process which executes the following code snippet: for (int i = 0; i < 128; i++) for (int j = 0; j < 128; j++) D[j][i] *= 10; The number of page faults generated during the execution of this code snippet is _______________. gatecse-2023 operating-system page-replacement least-recently-used page-faults numerical-answers two-marks",{},2.0,NAT,Least Recently Used,,gate_cse_v1,,,,,,,
b8fc0af4-d30e-4d40-97d7-1d3074a0d3bf,2019,CS,1,42,"File System: | Question: 42 The index node (inode) of a Unix -like ﬁle system has direct, one single-indirect and one double-indirect pointers. The disk block size is kB, and the disk block address is -bits long. The maximum possible ﬁle size is (rounded off to decimal place) ____ GB gatecse-2019 numerical-answers operating-system file-system two-marks",{},2.0,NAT,File System,,gate_cse_v1,,,,,,,
3776855e-c8b2-4f2e-9a7e-50dd1680daa0,2010,CS,1,62,"Age Relation: | Question: 62 Hari(H), Gita(G), Irfan(I) and Saira(S) are siblings (i.e., brothers and sisters). All were born on January. The age diﬀerence between any two successive siblings (that is born one after another) is less than three years. Given the following facts: i. Hari's age Gita's age Irfan's age Saira's age A. B. C. D. 1.2 1.2.1 A. B. C. D. 1.3 1.3.1 1.4 1.4.1 A. B. C. D. 1.5 1.5.1 A. is the aunt of B. is the aunt of C. is the sister-in-law of D. is the brother of 1.6 1.6.1 A. B. C. D. 1.7 1.7.1 A. PM B. PM C. PM D. PM ii. The age difference between Gita and Saira is one year. However Gita is not the oldest and Saira is not the youngest. iii. There are no twins. In what order they were born (oldest first)? gatecse-2010 analytical-aptitude logical-reasoning normal age-relation",{},2.0,NAT,Age Relation,,gate_cse_v1,,,,,,,
ce53a201-cf32-4733-9c82-266c2af9ad19,2018,CS,1,53,"Disk Scheduling: | Question: 53 Consider a storage disk with platters (numbered as and ) , cylinders (numbered as ), and sectors per track (numbered as ). The following disk requests of the form [sector number, cylinder number, platter number] are received by the disk controller at the same time: Currently head is positioned at sector number of cylinder , and is moving towards higher cylinder numbers. The average power dissipation in moving the head over cylinders is milliwatts and for reversing the direction of the head movement once is milliwatts. Power dissipation associated with rotational latency and switching of head between different platters is negligible. The total power consumption in milliwatts to satisfy all of the above disk requests using the Shortest Seek Time First disk scheduling algorithm is _____ gatecse-2018 operating-system disk-scheduling numerical-answers two-marks",{},2.0,NAT,Disk Scheduling,,gate_cse_v1,,,,,,,
7fdcd048-df4b-416e-a824-f86cd9378969,1998,CS,1,30,"Process Synchronization: | Question: 1.30 When the result of a computation depends on the speed of the processes involved, there is said to be 5.24.16 5.24.17 5.24.18 A. Thrashing B. Deadlock C. Starvation, but not deadlock D. None of the above 5.24.19 gate1998 operating-system easy process-synchronization","{""A"": ""Thrashing"", ""B"": ""Deadlock"", ""C"": ""Starvation, but not deadlock"", ""D"": ""None of the above 5.24.19 gate1998 operating-system easy process-synchronization""}",2.0,MCQ,Process Synchronization,,gate_cse_v1,,,,,,,
1073acae-2a60-4ab2-be52-aeb5638a693d,1995,CS,1,12,Bubble Sort: | Question: 12 Consider the following sequence of numbers: Use Bubble sort to arrange the sequence in ascending order. Give the sequence at the end of each of the ﬁrst ﬁve passes. 1.11 1.11.1 A. B. C. D. 1.12 1.12.1 A. B. C. D. gate1995 algorithms sorting easy descriptive bubble-sort,{},1.0,NAT,Bubble Sort,,gate_cse_v1,,,,,,,
5dcc6b98-9281-431d-9410-5ea86052934d,2004,CS,1,59,Prime Implicants: | Question: 59 Which are the essential prime implicants of the following Boolean function? gatecse-2004 digital-logic normal prime-implicants,{},2.0,NAT,Prime Implicants,,gate_cse_v1,,,,,,,
a67d6048-a3d6-4d96-b69f-2fd97ee0e6a6,2005,CS,1,24,Network Protocols: | Question: 24 The address resolution protocol (ARP) is used for: A. Finding the IP address from the DNS B. Finding the IP address of the default gateway C. Finding the IP address that corresponds to a MAC address D. Finding the MAC address that corresponds to an IP address gatecse-2005 computer-networks normal network-protocols,"{""A"": ""Finding the IP address from the DNS"", ""B"": ""Finding the IP address of the default gateway"", ""C"": ""Finding the IP address that corresponds to a MAC address"", ""D"": ""Finding the MAC address that corresponds to an IP address gatecse-2005 computer-networks normal network-protocols""}",1.0,MCQ,Network Protocols,,gate_cse_v1,,,,,,,
e2ceb749-3292-4887-9ab0-d6b136a004a0,2010,CS,1,8,Number Representation: | Question: 8 is a -bit signed integer. The 's complement representation of is . The 's complement A. B. C. D. 4.28.32 A. B. C. D. 4.28.33 4.28.34 4.28.35 4.28.36 4.28.37 4.28.38 representation of is gatecse-2010 digital-logic number-representation normal,{},1.0,NAT,Number Representation,,gate_cse_v1,,,,,,,
73ed8cf9-004b-4884-a31f-cd05f265d9b7,2004,CS,1,86,Finite Automata: | Question: 86 The following ﬁnite state machine accepts all those binary strings in which the number of ’s and ’s are respectively: gatecse-2004 theory-of-computation finite-automata easy,{},1.0,NAT,Finite Automata,,gate_cse_v1,,,,,,,
40d07d78-c177-494d-b451-e1c7e34ad224,2004,CS,1,1,Programming Paradigms: | Question: 1 The goal of structured programming is to: A. have well indented programs B. be able to infer the flow of control from the compiled code C. be able to infer the flow of control from the program text D. avoid the use of GOTO statements gatecse-2004 programming easy programming-paradigms,"{""A"": ""have well indented programs"", ""B"": ""be able to infer the flow of control from the compiled code"", ""C"": ""be able to infer the flow of control from the program text"", ""D"": ""avoid the use of GOTO statements gatecse-2004 programming easy programming-paradigms""}",1.0,MCQ,Programming Paradigms,,gate_cse_v1,,,,,,,
a79aff18-b540-4aae-b12c-267c6df1274a,2011,CS,1,62,"Data Interpretation: | Question: 62 and are four types of dangerous microbes recently found in a human habitat. The area of each circle with its diameter printed in brackets represents the growth of a single microbe surviving human immunity system within hours of entering the body. The danger to human beings varies proportionately with the toxicity, potency and growth attributed to a microbe shown in the figure below: A. B. C. D. 5.30.2 A. B. C. D. Either or 5.30.3 A. B. C. D. 5.31 5.31.1 A. B. C. D. 5.32 5.32.1 A. B. C. D. 5.33 5.33.1 A. B. C. D. 5.34 5.34.1 A pharmaceutical company is contemplating the development of a vaccine against the most dangerous microbe. Which microbe should the company target in its first attempt? gatecse-2011 quantitative-aptitude data-interpretation normal",{},2.0,NAT,Data Interpretation,,gate_cse_v1,,,,,,,
852db8db-95c6-4e77-8ff3-793f9f3d0517,2007,CS,1,35,"Carry Generator: | Question: 35 In a look-ahead carry generator, the carry generate function and the carry propagate function for inputs and are given by: The expressions for the sum bit and the carry bit of the look ahead carry adder are given by: Consider a two-level logic implementation of the look-ahead carry generator. Assume that all and are available for the carry generator circuit and that the AND and OR gates can have any number of inputs. The number of AND gates and OR gates needed to implement the look-ahead carry generator for a -bit adder with and as its outputs are respectively: gatecse-2007 digital-logic normal carry-generator adder",{},2.0,NAT,Carry Generator,,gate_cse_v1,,,,,,,
12769543-06f5-40e5-876c-6f2585dcabcf,2022,CS,1,28,"Translation Lookaside Buffer: | Question: 28 Which one of the following statements is A. The performs an associative search in parallel on all its valid entries using page number of incoming virtual address. B. If the virtual address of a word given by has a hit, but the subsequent search for the word results in a cache miss, then the word will always be present in the main memory. C. The memory access time using a given inverted page table is always same for all incoming virtual addresses. D. In a system that uses hashed page tables, if two distinct virtual addresses and map to the same value while hashing, then the memory access time of these addresses will not be the same. gatecse-2022 operating-system memory-management translation-lookaside-buffer two-marks","{""A"": ""The performs an associative search in parallel on all its valid entries using page number of incoming virtual address."", ""B"": ""If the virtual address of a word given by has a hit, but the subsequent search for the word results in a cache miss, then the word will always be present in the main memory."", ""C"": ""The memory access time using a given inverted page table is always same for all incoming virtual addresses."", ""D"": ""In a system that uses hashed page tables, if two distinct virtual addresses and map to the same value while hashing, then the memory access time of these addresses will not be the same. gatecse-2022 operating-system memory-management translation-lookaside-buffer two-marks""}",2.0,MCQ,Translation Lookaside Buffer,,gate_cse_v1,,,,,,,
7b817c97-8490-41e0-b945-065284cc0758,2011,CS,1,33,"Random Variable: | Question: 33 Consider a ﬁnite sequence of random values . Let be the mean and be the standard deviation of . Let another ﬁnite sequence of equal length be derived from this as , where and are positive constants. Let be the mean and be the standard deviation of this sequence. Which one of the following statements is INCORRECT? A. Index position of mode of in is the same as the index position of mode of in B. Index position of median of in is the same as the index position of median of in C. D. gatecse-2011 probability random-variable normal",{},2.0,NAT,Random Variable,,gate_cse_v1,,,,,,,
7c7c8186-1fa5-4b5e-b793-6dad4c26fd94,2012,CS,1,35,"Queue: | Question: 35 Suppose a circular queue of capacity elements is implemented with an array of elements. Assume that the insertion and deletion operations are carried out using and as array index variables, respectively. Initially, . The conditions to detect queue full and queue empty are: A. B. C. D. gatecse-2012 data-structures queue normal",{},2.0,NAT,Queue,,gate_cse_v1,,,,,,,
22bd98dd-c124-49e7-b5b8-f46b33fda386,2017,CS,1,0,"gate2017 numerical-ability work-time Work Time: GATE Civil 2016 Set 2 | GA Question: 10 Ananth takes hours and Bharath takes hours to read a book. Both started reading copies of the book at the same time. After how many hours is the number of pages to be read by Ananth, twice that to be read by Bharath? Assume Ananth and Bharath read all the pages with constant pace. gate2016-ce-2 numerical-ability work-time 5.105.8 A. hours B. hours C. hours D. hours 5.105.9 A. B. C. D. 5.105.10 A. days B. days C. days D. days 5.105.11 A. B. C. D. 5.105.12 A. B. C. D. 5.105.13 A. B. C. D. 5.105.14 A. B. C. D. 5.105.15 A. B. C. D. 5.105.16 A. B. C. D. Work Time: GATE Civil 2017 Set 1 | GA Question: 9 Two machines and are able to execute any of four jobs and . The machines can perform one job on one object at a time. Jobs and take minutes, minutes, minutes and minutes each respectively. There are objects each requiring exactly job. Job is to be performed on objects. Job on objects, Job on object and Job on objects. What is the minimum time needed to complete all the jobs? gate2017-ce-1 numerical-ability work-time Work Time: GATE Civil 2019 Set 2 | GA Question: 9 An oil tank can be ﬁlled by pipe in hours and pipe in hours, each pump working on its own. When the oil tank is full and the drainage hole is open, the oil is drained in hours. If initially the tank was empty and someone started the two pups together but left the drainage hole open, how many hours will it take for the tank to be filled? (Assume that the rate of drainage is independent of the Head) gate2019-ce-2 numerical-ability work-time","{""A"": ""hours"", ""B"": ""hours"", ""C"": ""hours"", ""D"": ""hours 5.105.9""}",1.0,MCQ,numerical-ability,work-time,gate_cse_v1,,,,,,,
c98c6e3e-4d6e-4fd4-a16e-1421b5e542aa,2004,CS,1,52,"B Tree: | Question: 52 The order of an internal node in a tree index is the maximum number of children it can have. Suppose that a child pointer takes bytes, the search ﬁeld value takes bytes, and the block size is bytes. What is the order of the internal node? gatecse-2004 databases b-tree normal",{},2.0,NAT,B Tree,,gate_cse_v1,,,,,,,
7de12800-f1f5-400a-af43-e3913c79f631,2011,CS,1,24,"Regular Language: | Question: 24 Let be a regular language and be a context-free language such that . (For example, let be the language represented by the regular expression and be . Then which of the following is ALWAYS regular? gatecse-2011 theory-of-computation easy regular-language",{},1.0,NAT,Regular Language,,gate_cse_v1,,,,,,,
9c05cf36-44dc-4558-8410-d4d2d1d15122,2010,CS,1,38,Grammar: | Question: 38 The grammar is gatecse-2010 compiler-design grammar normal,{},2.0,NAT,Grammar,,gate_cse_v1,,,,,,,
1a0ec79f-8525-48bd-955e-2286b57a34e0,2005,CS,1,39,Sorting: | Question: 39 Suppose there are sorted lists of elements each. The time complexity of producing a sorted list of all these elements is: (Hint:Use a heap data structure) gatecse-2005 algorithms sorting normal,{},2.0,NAT,Sorting,,gate_cse_v1,,,,,,,
89a75795-c408-42c6-b929-9476b16f539e,1995,CS,1,21,Maxima Minima: | Question: 1.21 In the interval the equation has gate1995 calculus normal maxima-minima,{},1.0,NAT,Maxima Minima,,gate_cse_v1,,,,,,,
c5b5dab9-245a-4779-961e-fbfb09b0b9b4,2000,CS,1,18,"Lexical Analysis: | Question: 1.18, ISRO2015-25 The number of tokens in the following C statement is printf(""i=%d, &i=%x"", i, &i); gatecse-2000 compiler-design lexical-analysis easy isro2015",{},1.0,NAT,Lexical Analysis,,gate_cse_v1,,,,,,,
a8cadea0-377c-4727-936f-bfe372fd1ac9,2019,CS,1,21,Modular Arithmetic: | Question: 21 The value of is _____ gatecse-2019 numerical-answers combinatory modular-arithmetic one-mark,{},1.0,NAT,Modular Arithmetic,,gate_cse_v1,,,,,,,
d4a00277-b448-44b5-93ae-b7f1403b1f6a,2006,CS,1,28,"Binary Operation: | Question: 28 A logical binary relation , is defined as follows: Let be the unary negation (NOT) operator, with higher precedence then . Which one of the following is equivalent to ? gatecse-2006 set-theory&algebra binary-operation propositional-logic mathematical-logic",{},2.0,NAT,Binary Operation,,gate_cse_v1,,,,,,,
1857bace-1769-4e80-98ce-4df1a3894525,1991,CS,1,0,gate1991 set-theory&algebra normal number-theory proof descriptive,{},1.0,NAT,set-theory&algebra,normal,gate_cse_v1,,,,,,,
e0f729c2-05c9-4162-8aea-445c5227fec5,2013,CS,1,35,"Relational Calculus: | Question: 35 Consider the following relational schema. Students(rollno: integer, sname: string) Courses(courseno: integer, cname: string) Registration(rollno: integer, courseno: integer, percent: real) Which of the following queries are equivalent to this query in English? “Find the distinct names of all students who score more than in the course numbered 107” I. SELECT DISTINCT S.sname FROM Students as S, Registration as R WHERE R.rollno=S.rollno AND R.courseno=107 AND R.percent >90 II. III. IV. gatecse-2013 databases sql relational-calculus normal",{},2.0,NAT,Relational Calculus,,gate_cse_v1,,,,,,,
a180a41e-4ebf-4a5a-b5cd-d264a4e08a67,2022,CS,1,11,"Pointers: | Question: 11 What is printed by the following program? #include<stdio.h> int main(int argc, char *argv[]) { int x = 1, z[2] = {10, 11}; int *p = NULL; p = &x; *p = 10; A. B. C. D. 5.9.12 A. B. C. D. 5.9.13 5.9.14 p = &z[1]; *(&z[0] + 1) += 3; printf(“%d, %d, %d\n”, x, z[0], z[1]); return 0; } gatecse-2022 programming programming-in-c pointers output one-mark",{},1.0,NAT,Pointers,,gate_cse_v1,,,,,,,
223d7d0e-aaca-49f9-b416-33312ab056d5,2018,CS,1,18,Graph Coloring: | Question: 18 The chromatic number of the following graph is _____ graph-theory graph-coloring numerical-answers gatecse-2018 one-mark,{},1.0,NAT,Graph Coloring,,gate_cse_v1,,,,,,,
5f79f322-0736-44be-a2b1-f787dfd02912,2000,CS,1,17,"Union: | Question: 1.17, ISRO2015-79 Consider the following C declaration: struct { short x[5]; union { float y; long z; } u; )t; Assume that the objects of the type short, ﬂoat and long occupy bytes, bytes and bytes, respectively. The memory requirement for variable , ignoring alignment consideration, is: 5.20 5.20.1 A. B. C. D. gatecse-2000 programming programming-in-c easy isro2015 union",{},1.0,NAT,Union,,gate_cse_v1,,,,,,,
6273a53e-14fe-43ec-b00d-b54c1f9f6572,1999,CS,1,11,Linked List: | Question: 11b Write a constant time algorithm to insert a node with data just before the node with address of a singly linked list. gate1999 data-structures linked-list descriptive,{},1.0,NAT,Linked List,,gate_cse_v1,,,,,,,
fb0ceb8e-6a84-419e-b209-2a7a8f08692c,1989,CS,1,4,"Poisson Distribution: | Question: 4-viii is the probability of events occurring during a time interval . How will you express in terms of , if has stationary independent increments? (Note: is the probability density function). gate1989 descriptive probability poisson-distribution",{},1.0,NAT,Poisson Distribution,,gate_cse_v1,,,,,,,
78fe771d-6e18-4632-8b69-f52f59563456,2008,CS,1,48,Recursive and Recursively Enumerable Languages: | Question: 48 Which of the following statements is false? A. Every NFA can be converted to an equivalent DFA B. Every non-deterministic Turing machine can be converted to an equivalent deterministic Turing machine C. Every regular language is also a context-free language D. Every subset of a recursively enumerable set is recursive gatecse-2008 theory-of-computation easy recursive-and-recursively-enumerable-languages,"{""A"": ""Every NFA can be converted to an equivalent DFA"", ""B"": ""Every non-deterministic Turing machine can be converted to an equivalent deterministic Turing machine"", ""C"": ""Every regular language is also a context-free language"", ""D"": ""Every subset of a recursively enumerable set is recursive gatecse-2008 theory-of-computation easy recursive-and-recursively-enumerable-languages""}",2.0,MCQ,Recursive and Recursively Enumerable Languages,,gate_cse_v1,,,,,,,
97880dea-a7f4-41ec-a9f8-cad800bcda5c,2011,CS,1,11,Interrupts: | Question: 11 A computer handles several interrupt sources of which of the following are relevant for this question. Interrupt from CPU temperature sensor (raises interrupt if CPU temperature is too high) Interrupt from Mouse (raises Interrupt if the mouse is moved or a button is pressed) Interrupt from Keyboard (raises Interrupt if a key is pressed or released) Interrupt from Hard Disk (raises Interrupt when a disk read is completed) Which one of these will be handled at the HIGHEST priority? 1. Interrupt from Hard Disk 2. Interrupt from Mouse 3. Interrupt from Keyboard 4. Interrupt from CPU temperature sensor gatecse-2011 operating-system interrupts normal,{},1.0,NAT,Interrupts,,gate_cse_v1,,,,,,,
0782e60f-04e0-4471-aad5-dba3b2b78898,2006,CS,1,54,"Algorithm Design: | Question: 54 Given two arrays of numbers and where each number is or , the fastest algorithm to ﬁnd the largest span such that or report that there is not such span, 1.1.5 1.1.6 1.1.7 1.1.8 A. Takes and time if hashing is permitted B. Takes and time in the key comparison mode C. Takes time and space D. Takes time only if the sum of the elements is an even number gatecse-2006 algorithms normal algorithm-design time-complexity","{""A"": ""Takes and time if hashing is permitted"", ""B"": ""Takes and time in the key comparison mode"", ""C"": ""Takes time and space"", ""D"": ""Takes time only if the sum of the elements is an even number gatecse-2006 algorithms normal algorithm-design time-complexity""}",2.0,MCQ,Algorithm Design,,gate_cse_v1,,,,,,,
cc019f75-d133-494d-88b9-83919f316260,2011,CS,1,64,"Work Time: | Question: 64 A transporter receives the same number of orders each day. Currently, he has some pending orders (backlog) to be shipped. If he uses trucks, then at the end of the day he can clear all the orders. Alternatively, if he uses only trucks, then all the orders are cleared at the end of the day. What is the minimum number of trucks required so that there will be no pending order at the end of day? gatecse-2011 quantitative-aptitude normal work-time",{},2.0,NAT,Work Time,,gate_cse_v1,,,,,,,
00690a1f-010c-419d-ba49-bfb6e50a85ee,1987,CS,1,2,Regular Language: | Question: 2i State whether the following statements are TRUE or FALSE: All subsets of regular sets are regular. gate1987 theory-of-computation regular-language true-false,{},1.0,NAT,Regular Language,,gate_cse_v1,,,,,,,
7e29dbc0-920f-4154-ac32-f2e8b009ced1,2020,CS,1,41,"Binary Search Tree: | Question: 41 In a balanced binary search tree with elements, what is the worst case time complexity of reporting all elements in range ? Assume that the number of reported elements is . gatecse-2020 data-structures binary-search-tree two-marks",{},2.0,NAT,Binary Search Tree,,gate_cse_v1,,,,,,,
f8bbccc8-6d97-4785-8613-dd8edd5d681f,2013,CS,1,48,"Register Allocation: | Question: 48 The following code segment is executed on a processor which allows only register operands in its instructions. Each instruction can have atmost two source operands and one destination operand. Assume that all variables are dead after this code segment. c = a + b; d = c * a; e = c + a; x = c * c; if (x > a) { y = a * a; A. 0 B. 1 C. 2 D. 3 2.23.6 2.24 2.24.1 } else { d = d * d; e = e * e; } Q.48 Suppose the instruction set architecture of the processor has only two registers. The only allowed compiler optimization is code motion, which moves statements from one place to another while preserving correctness. What is the minimum number of spills to memory in the compiled code? gatecse-2013 normal compiler-design register-allocation","{""A"": ""0"", ""B"": ""1"", ""C"": ""2"", ""D"": ""3 2.23.6 2.24 2.24.1 } else { d = d * d; e = e * e; } Q.48 Suppose the instruction set architecture of the processor has only two registers. The only allowed compiler optimization is code motion, which moves statements from one place to another while preserving correctness. What is the minimum number of spills to memory in the compiled code? gatecse-2013 normal compiler-design register-allocation""}",2.0,MCQ,Register Allocation,,gate_cse_v1,,,,,,,
3542d041-a5cb-4f7b-a1b7-7726dda1bfd5,2012,CS,1,22,TCP: | Question: 22 Which of the following transport layer protocols is used to support electronic mail? gatecse-2012 computer-networks tcp easy,{},1.0,NAT,TCP,,gate_cse_v1,,,,,,,
823afdfc-19c9-4781-80fa-7c874270db30,2020,CS,1,44,"Instruction Format: | Question: 44 A processor has registers and uses -bit instruction format. It has two types of instructions: I-type and R-type. Each I-type instruction contains an opcode, a register name, and a -bit immediate value. Each R- type instruction contains an opcode and two register names. If there are distinct I-type opcodes, then the maximum number of distinct R-type opcodes is _______. gatecse-2020 co-and-architecture numerical-answers instruction-format machine-instruction two-marks",{},2.0,NAT,Instruction Format,,gate_cse_v1,,,,,,,
54930aad-bd43-4970-8656-bb7473a61cee,2012,CS,1,45,Congestion Control: | Question: 45 Consider an instance of TCP’s Additive Increase Multiplicative Decrease (AIMD) algorithm where the window size at the start of the slow start phase is MSS and the threshold at the start of the ﬁrst transmission is MSS. Assume that a timeout occurs during the fifth transmission. Find the congestion window size at the end of the tenth transmission. A. MSS B. MSS C. MSS D. MSS 2.9.3 2.9.4 A. Only and are true B. Only and are true C. Only is true D. Only and are true 2.9.5 2.9.6 2.9.7 gatecse-2012 computer-networks congestion-control normal,"{""A"": ""MSS"", ""B"": ""MSS"", ""C"": ""MSS"", ""D"": ""MSS 2.9.3 2.9.4""}",2.0,MCQ,Congestion Control,,gate_cse_v1,,,,,,,
c6992ad5-645e-42a3-9420-a2d058ae8e5e,2019,CS,1,43,Grammar: | Question: 43 Consider the augmented grammar given below: Let The number of items in the set is______ gatecse-2019 numerical-answers compiler-design grammar two-marks,{},2.0,NAT,Grammar,,gate_cse_v1,,,,,,,
55db67be-a59f-4bad-b4e1-05697e243da1,2010,CS,1,43,Natural Join: | Question: 43 The following functional dependencies hold for relations and The relation contains tuples and the relation contains tuples. What is the maximum number of tuples possible in the natural join ? gatecse-2010 databases normal natural-join,{},2.0,NAT,Natural Join,,gate_cse_v1,,,,,,,
c9dadb1c-c25c-4c4b-9a1a-e6f4fa778dfa,2004,CS,1,77,"Graph Coloring: | Question: 77 The minimum number of colours required to colour the following graph, such that no two adjacent vertices are assigned the same color, is gatecse-2004 graph-theory graph-coloring easy",{},1.0,NAT,Graph Coloring,,gate_cse_v1,,,,,,,
6b150bec-14d3-40fe-b388-38c6d60e8d3c,2010,CS,1,641,IP Packet: | Question: 15. PGEE 2018 One of the header ﬁelds in an IP datagram is the Time-to-Live (TTL) ﬁeld. Which of the following statements best explains the need for this field? gatecse-2010 computer-networks ip-packet easy,{},1.0,NAT,IP Packet,,gate_cse_v1,,,,,,,
d1a6c74d-08ec-4af3-9e6b-fe4532f7140d,2022,CS,1,26,Generating Functions: | Question: 26 Which one of the following is the closed form for the generating function of the sequence deﬁned below? gatecse-2022 combinatory generating-functions two-marks,{},2.0,NAT,Generating Functions,,gate_cse_v1,,,,,,,
c15e9cc3-a67c-4c4f-9a82-6460837b0861,2023,CS,1,45,"Graph Coloring: | Question: 45 Let be a simple, ﬁnite, undirected graph with vertex set . Let denote the maximum degree of and let denote the set of all possible colors. Color the vertices of using the following greedy strategy: for : no neighbour of is colored Which of the following statements is/are A. This procedure results in a proper vertex coloring of . B. The number of colors used is at most . C. The number of colors used is at most . D. The number of colors used is equal to the chromatic number of . gatecse-2023 graph-theory graph-coloring multiple-selects two-marks","{""A"": ""This procedure results in a proper vertex coloring of ."", ""B"": ""The number of colors used is at most ."", ""C"": ""The number of colors used is at most ."", ""D"": ""The number of colors used is equal to the chromatic number of . gatecse-2023 graph-theory graph-coloring multiple-selects two-marks""}",2.0,MSQ,Graph Coloring,,gate_cse_v1,,,,,,,
b60cccfd-5820-4aa1-96b0-98c2ae56e78d,2011,CS,1,65,"Alligation Mixture: | Question: 65 A container originally contains litres of pure spirit. From this container, litre of spirit replaced with litre of water. Subsequently, litre of the mixture is again replaced with litre of water and this process is repeated one more time. How much spirit is now left in the container? gatecse-2011 quantitative-aptitude normal alligation-mixture",{},2.0,NAT,Alligation Mixture,,gate_cse_v1,,,,,,,
95eef909-2afb-4ca0-90ae-e82935971f50,2003,CS,1,8,"Graph Connectivity: | Question: 8, ISRO2009-53 Let be an arbitrary graph with nodes and components. If a vertex is removed from , the number of components in the resultant graph must necessarily lie down between gatecse-2003 graph-theory graph-connectivity normal isro2009",{},1.0,NAT,Graph Connectivity,,gate_cse_v1,,,,,,,
a7bf00c5-43bc-4d4d-b9a4-08285fb0db69,2011,CS,1,17,Graph Planarity: | Question: 17 K4 and Q3 are graphs with the following structures. Which one of the following statements is TRUE in relation to these graphs? gatecse-2011 graph-theory graph-planarity normal,{},1.0,NAT,Graph Planarity,,gate_cse_v1,,,,,,,
6ecf6f9b-3eee-4d7b-9816-0a9b01b6f0db,1988,CS,1,3,"K Map: | Question: 3a-b The Karnaugh map of a function of is shown on the left hand side of the above figure. The reduced form of the same map is shown on the right hand side, in which the variable is entered in the map itself. Discuss, a. The methodology by which the reduced map has been derived and b. the rules (or steps) by which the boolean function can be derived from the entries in the reduced map. gate1988 descriptive digital-logic k-map",{},1.0,NAT,K Map,,gate_cse_v1,,,,,,,
ba99ba32-479d-409a-950b-6c7ba311e808,2012,CS,1,43,"Referential Integrity: | Question: 43 Suppose and are two relation schemas. Let and be the corresponding relation instances. is a foreign key that refers to in . If data in and satisfy referential integrity constraints, which of the following is ALWAYS TRUE? A. B. C. D. gatecse-2012 databases relational-algebra normal referential-integrity",{},2.0,NAT,Referential Integrity,,gate_cse_v1,,,,,,,
444d93b8-ecea-4a68-8785-c3ecd7a6700a,2023,CS,1,39,"Functions: | Question: 39 L e t be an onto (or surjective) function, where and are nonempty sets. Deﬁne an equivalence relation on the set as where . Let be the set of all the equivalence classes under . Deﬁne a new mapping as Which of the following statements is/are gatecse-2023 set-theory&algebra functions multiple-selects two-marks",{},2.0,NAT,Functions,,gate_cse_v1,,,,,,,
e43e4c14-7233-439b-9ed0-690a59d80d99,2023,CS,1,49,"Stack: | Question: 49 Consider a sequence of elements , and . The following operations are performed on a stack and a queue both of which are initially empty. I. the elements of from to in that order into . II. the elements of from to in that order into . III. an element from . IV. an element from . V. an element from . VI. an element from . VII. an element from and push the same element into . VIII. Repeat operation three times. IX. an element from . X. an element from . The top element of after executing the above operations is ______________. gatecse-2023 data-structures stack numerical-answers two-marks easy",{},2.0,NAT,Stack,,gate_cse_v1,,,,,,,
f98af227-6410-4133-a822-e5f4d27c1bf0,2009,CS,1,47,"TCP: | Question: 47 While opening a connection, the initial sequence number is to be derived using a time-of-day (ToD) clock that keeps running even when the host is down. The low order bits of the counter of the ToD clock is to be used for the initial sequence numbers. The clock counter increments once per milliseconds. The maximum packet lifetime is given to be s. Which one of the choices given below is closest to the minimum permissible rate at which sequence numbers used for packets of a connection can increase? gatecse-2009 computer-networks tcp difficult ambiguous",{},2.0,NAT,TCP,,gate_cse_v1,,,,,,,
1eb79960-4b95-4f63-b3c5-58cac8103a37,2023,CS,1,41,"Group Theory: | Question: 41 Let be a set and denote the powerset of . Define a binary operation on as follows: 4.4.32 4.4.33 4.5 4.5.1 4.6 4.6.1 Let . Which of the following statements about is/are correct? A. is a group. B. Every element in has an inverse, but is NOT a group. C. For every the inverse of is the complement of . D. For every the inverse of is . gatecse-2023 set-theory&algebra group-theory multiple-selects two-marks","{""A"": ""is a group."", ""B"": ""Every element in has an inverse, but is NOT a group."", ""C"": ""For every the inverse of is the complement of ."", ""D"": ""For every the inverse of is . gatecse-2023 set-theory&algebra group-theory multiple-selects two-marks""}",2.0,MSQ,Group Theory,,gate_cse_v1,,,,,,,
924d3ee1-750e-46a7-877e-d258133980df,2019,CS,1,6,Boolean Algebra: | Question: 6 Which one of the following is NOT a valid identity? gatecse-2019 digital-logic boolean-algebra one-mark,{},1.0,NAT,Boolean Algebra,,gate_cse_v1,,,,,,,
57500e4e-69b9-4c9c-b25a-021207d57e84,2020,CS,1,6,AVL Tree: | Question: 6 What is the worst case time complexity of inserting elements into an AVL-tree with elements initially? gatecse-2020 binary-tree avl-tree one-mark,{},1.0,NAT,AVL Tree,,gate_cse_v1,,,,,,,
1d7046e0-f25d-4bad-8c02-a90e07ef6373,2012,CS,1,13,First Order Logic: | Question: 13 What is the correct translation of the following statement into mathematical logic? “Some real numbers are rational” gatecse-2012 mathematical-logic easy first-order-logic,{},1.0,NAT,First Order Logic,,gate_cse_v1,,,,,,,
838afe0c-163f-43e6-91f4-a57348f3349e,2013,CS,1,3,Determinant: | Question: 3 Which one of the following does NOT equal gatecse-2013 linear-algebra normal determinant,{},1.0,NAT,Determinant,,gate_cse_v1,,,,,,,
baec7e82-a760-4070-8bd9-db22346a82e8,2005,CS,1,20,"IO Handling: | Question: 20 Normally user programs are prevented from handling I/O directly by I/O instructions in them. For CPUs having explicit I/O instructions, such I/O protection is ensured by having the I/O instruction privileged. In a 5.11.5 A. QPTRS B. PTRSQ C. TRPQS D. QTPRS 5.11.6 A. B. C. D. 5.11.7 A. Transparent DMA and Polling interrupts B. Cycle-stealing and Vectored interrupts C. Block transfer and Vectored interrupts D. Block transfer and Polling interrupts 5.12 5.12.1 CPU with memory mapped I/O, there is no explicit I/O instruction. Which one of the following is true for a CPU with memory mapped I/O? A. I/O protection is ensured by operating system routine(s) B. I/O protection is ensured by a hardware trap C. I/O protection is ensured during system configuration D. I/O protection is not possible gatecse-2005 operating-system io-handling normal","{""A"": ""QPTRS"", ""B"": ""PTRSQ"", ""C"": ""TRPQS"", ""D"": ""QTPRS 5.11.6""}",1.0,MCQ,IO Handling,,gate_cse_v1,,,,,,,
ee57bfad-f7c3-4eef-8f9b-17ba162c70b0,1998,CS,1,31,Semaphore: | Question: 1.31 A counting semaphore was initialized to . Then (wait) operations and (signal) operations were completed on this semaphore. The resulting value of the semaphore is gate1998 operating-system process-synchronization semaphore easy,{},2.0,NAT,Semaphore,,gate_cse_v1,,,,,,,
b643a275-5eac-46a0-bf50-c3ea82446f3c,2018,CS,1,9,IO Handling: | Question: 9 The following are some events that occur after a device controller issues an interrupt while process is under execution. P. The processor pushes the process status of onto the control stack Q. The processor finishes the execution of the current instruction R. The processor executes the interrupt service routine S. The processor pops the process status of from the control stack T. The processor loads the new PC value based on the interrupt Which of the following is the correct order in which the events above occur? gatecse-2018 operating-system interrupts normal one-mark co-and-architecture io-handling,{},1.0,NAT,IO Handling,,gate_cse_v1,,,,,,,
d2d50818-74c6-48b9-8d05-666c537ad51c,2020,CS,1,35,"Disk Scheduling: | Question: 35 Consider the following ﬁve disk access requests of the form (request id, cylinder number) that are present in the disk scheduler queue at a given time. 5.8.14 A. and B. and C. and D. and 5.8.15 A. B. C. D. 5.8.16 A. B. C. D. 5.9 5.9.1 Assume the head is positioned at cylinder . The scheduler follows Shortest Seek Time First scheduling to service the requests. Which one of the following statements is FALSE? A. is serviced before . B. is serviced after ,but before . C. The head reverses its direction of movement between servicing of and . D. is serviced before . gatecse-2020 operating-system disk-scheduling two-marks","{""A"": ""and"", ""B"": ""and"", ""C"": ""and"", ""D"": ""and 5.8.15""}",2.0,MCQ,Disk Scheduling,,gate_cse_v1,,,,,,,
da80fe98-9c92-455f-8283-6540dcfe32ac,2004,CS,1,9,Linker: | Question: 9 Consider a program that consists of two source modules and contained in two diﬀerent ﬁles. If contains a reference to a function defined in the reference will be resolved at gatecse-2004 compiler-design easy linker,{},1.0,NAT,Linker,,gate_cse_v1,,,,,,,
ada99fbd-73ce-40e6-827e-780a67d76493,2023,CS,1,2,Binary Heap: | Question: 2 Which one of the following sequences when stored in an array at locations forms a max- heap? gatecse-2023 data-structures binary-heap one-mark,{},1.0,NAT,Binary Heap,,gate_cse_v1,,,,,,,
d12eaf73-747b-4bd5-b3fb-e8363af73dcf,1994,CS,1,19,"Identify Class Language: | Question: 19 A. Given a set: (Note: - is a maximal block of successive 's) Which of the following statements is true with respect to ? No reason to be given for the answer. i. is regular ii. is recursively enumerable iii. is not recursively enumerable iv. is recursive B. Given that a language is regular and that the language is regular, is the language always regular? Prove your answer. gate1994 theory-of-computation identify-class-language normal descriptive",{},1.0,NAT,Identify Class Language,,gate_cse_v1,,,,,,,
0cb5b80e-dfb7-4f80-bf60-e0bb7e9be761,1997,CS,1,13,Functions: | Question: 13 Let be the set of one-to-one functions from the set to the set where . a. How many functions are members of ? b. How many functions in satisfy the property for some ? c. How many functions in satisfy the property for all ? gate1997 set-theory&algebra functions normal descriptive difficult,{},1.0,NAT,Functions,,gate_cse_v1,,,,,,,
fa96c4f0-4803-454a-a42f-f645d30cf04b,2013,CS,1,54,Database Normalization: | Question: 54 Relation has eight attributes . Fields of contain only atomic values. is a set of functional dependencies so that is exactly the set of that hold for . How many candidate keys does the relation have? gatecse-2013 databases database-normalization normal,{},2.0,NAT,Database Normalization,,gate_cse_v1,,,,,,,
f09ba436-2816-4038-afc6-3cfe168f8897,2004,CS,1,5,Stack: | Question: 5 The best data structure to check whether an arithmetic expression has balanced parentheses is a gatecse-2004 data-structures easy stack,{},1.0,NAT,Stack,,gate_cse_v1,,,,,,,
6cc2cfaa-2380-40aa-83a5-28492e2b4e3d,2006,CS,1,65,"Process Scheduling: | Question: 65 Consider three processes, all arriving at time zero, with total execution time of , and units, respectively. Each process spends the ﬁrst of execution time doing I/O, the next of time doing computation, and the last of time doing I/O again. The operating system uses a shortest remaining compute time ﬁrst scheduling algorithm and schedules a new process either when the running process gets blocked on I/O or when the running process ﬁnishes its compute burst. Assume that all I/O operations can be overlapped as much as possible. For what percentage of time does the CPU remain idle? gatecse-2006 operating-system process-scheduling normal",{},2.0,NAT,Process Scheduling,,gate_cse_v1,,,,,,,
118c92bb-9f0a-42b0-a5f5-abdf834f98c3,2018,CS,1,43,"Strongly Connected Components: | Question: 43 Let be a graph with vertices, with each vertex labelled by a distinct permutation of the numbers There is an edge between vertices and if and only if the label of can be obtained by swapping two adjacent numbers in the label of . Let denote the degree of a vertex in , and denote the number of connected components in . Then, ______. gatecse-2018 algorithms graph-algorithms numerical-answers two-marks strongly-connected-components",{},2.0,NAT,Strongly Connected Components,,gate_cse_v1,,,,,,,
4b2c9580-dfe1-4620-9c31-499e7ead1ee2,2009,CS,1,18,"Identify Function: | Question: 18 Consider the program below: #include <stdio.h> int fun(int n, int *f_p) { int t, f; if (n <= 1) { *f_p = 1; return 1; } t = fun(n-1, f_p); f = t + *f_p; *f_p = t; return f; } int main() { int x = 15; printf(""%d/n"", fun(5, &x)); return 0; } The value printed is: gatecse-2009 algorithms recursion identify-function normal",{},1.0,NAT,Identify Function,,gate_cse_v1,,,,,,,
3c98a6d8-f185-4c86-bffc-550a0d832a78,1995,CS,1,7,Limits: | Question: 7(B) Compute without using power series expansion gate1995 calculus limits numerical-answers,{},1.0,NAT,Limits,,gate_cse_v1,,,,,,,
6bfb81ba-99a2-419c-abcd-685aef6ffd51,2019,CS,1,29,"Network Protocols: | Question: 29 Suppose that in an IP-over-Ethernet network, a machine X wishes to ﬁnd the MAC address of another machine Y in its subnet. Which one of the following techniques can be used for this? A. X sends an ARP request packet to the local gateway’s IP address which then ﬁnds the MAC address of Y and sends to X B. X sends an ARP request packet to the local gateway’s MAC address which then ﬁnds the MAC address of Y and sends to X C. X sends an ARP request packet with broadcast MAC address in its local subnet D. X sends an ARP request packet with broadcast IP address in its local subnet gatecse-2019 computer-networks network-protocols two-marks","{""A"": ""X sends an ARP request packet to the local gateway\u2019s IP address which then \ufb01nds the MAC address of Y and sends to X"", ""B"": ""X sends an ARP request packet to the local gateway\u2019s MAC address which then \ufb01nds the MAC address of Y and sends to X"", ""C"": ""X sends an ARP request packet with broadcast MAC address in its local subnet"", ""D"": ""X sends an ARP request packet with broadcast IP address in its local subnet gatecse-2019 computer-networks network-protocols two-marks""}",2.0,MCQ,Network Protocols,,gate_cse_v1,,,,,,,
b322534a-87fb-4343-a8b4-1e3f67bc7675,2020,CS,1,53,"Virtual Memory: | Question: 53 Consider a paging system that uses -level page table residing in main memory and a for address translation. Each main memory access takes ns and lookup takes ns. Each page transfer to/from the disk takes ns. Assume that the hit ratio is , page fault rate is . Assume that for of the total page faults, a dirty page has to be written back to disk before the required page is read from disk. update time is negligible. The average memory access time in ns (round oﬀ to decimal places) is ___________ gatecse-2020 numerical-answers operating-system virtual-memory two-marks",{},2.0,NAT,Virtual Memory,,gate_cse_v1,,,,,,,
79e75fc9-9cf5-4b5c-a0bb-c388b8aa87f2,1996,CS,1,16,"Macros: | Question: 2.16 Which of the following macros can put a macro assembler into an infinite loop? i. .MACRO M1, X .IF EQ, X ;if X=0 then M1 X + 1 A. (ii) only B. (i) only C. both (i) and (ii) D. None of the above 2.19.4 2.20 2.20.1 2.20.2 .ENDC .IF NE, X ;if X ≠ O then .WORD X ;address (X) is stored here .ENDC .ENDM ii. .MACRO M2, X .IF EQ, X M2 X .ENDC .IF NE, X .WORD X + 1 .ENDC .ENDM gate1996 compiler-design macros normal","{""A"": ""(ii) only"", ""B"": ""(i) only"", ""C"": ""both (i) and (ii)"", ""D"": ""None of the above 2.19.4 2.20 2.20.1 2.20.2 .ENDC .IF NE, X ;if X \u2260 O then .WORD X ;address (X) is stored here .ENDC .ENDM ii. .MACRO M2, X .IF EQ, X M2 X .ENDC .IF NE, X .WORD X + 1 .ENDC .ENDM gate1996 compiler-design macros normal""}",1.0,MCQ,Macros,,gate_cse_v1,,,,,,,
a00c5a9d-5a87-4c9c-913e-55c29b8ae50a,2020,CS,1,46,Recursion: | Question: 46 Consider the following C functions. int fun1(int n) { static int i= 0; if (n > 0) { ++i; fun1(n-1); } return (i); } int fun2(int n) { static int i= 0; if (n>0) { i = i+ fun1 (n) ; fun2(n-1) ; } return (i); } The return value of is _________ gatecse-2020 numerical-answers programming-in-c recursion two-marks,{},2.0,NAT,Recursion,,gate_cse_v1,,,,,,,
4dee882e-b48b-495b-a0ca-2162c70ddc67,1988,CS,1,8,Loop Invariants: | Question: 8ii Consider the two program segments below: a. for i:=1 to f(x) by 1 do S end b. i:=1; While i<=f(x) do S i:=i+1 end Under what conditions are these two programs equivalent? Treat as any sequence of statements and as a function. gate1988 programming descriptive loop-invariants,{},1.0,NAT,Loop Invariants,,gate_cse_v1,,,,,,,
c1bf6fc9-4a70-4e25-a66b-243ef596dd31,2013,CS,1,19,Bellman Ford: | Question: 19 What is the time complexity of Bellman-Ford single-source shortest path algorithm on a complete graph of n vertices? gatecse-2013 algorithms graph-algorithms normal bellman-ford,{},1.0,NAT,Bellman Ford,,gate_cse_v1,,,,,,,
93ed0402-7045-430f-9330-7581910646a5,1996,CS,1,17,Runtime Environment: | Question: 2.17 The correct matching for the following pairs is gate1996 compiler-design easy runtime-environment,{},1.0,NAT,Runtime Environment,,gate_cse_v1,,,,,,,
94531c4a-c68a-4da3-bcaf-6bdf81f1618f,2018,CS,1,25,"Wrap Around Time: | Question: 25 Consider a long-lived session with an end-to-end bandwidth of bits-per-second The session starts with a sequence number of . The minimum time (in seconds, rounded to the closet integer) before this sequence number can be used again is _________. gatecse-2018 computer-networks tcp wrap-around-time normal numerical-answers one-mark",{},1.0,NAT,Wrap Around Time,,gate_cse_v1,,,,,,,
7182707d-3f22-40cf-848d-cb38cadfd4ad,2002,CS,1,19,Expression Evaluation: | Question: 2.19 To evaluate an expression without any embedded function calls A. One stack is enough B. Two stacks are needed C. As many stacks as the height of the expression tree are needed D. A Turing machine is needed in the general case gatecse-2002 compiler-design expression-evaluation easy,"{""A"": ""One stack is enough"", ""B"": ""Two stacks are needed"", ""C"": ""As many stacks as the height of the expression tree are needed"", ""D"": ""A Turing machine is needed in the general case gatecse-2002 compiler-design expression-evaluation easy""}",1.0,MCQ,Expression Evaluation,,gate_cse_v1,,,,,,,
21a615bf-a43a-4976-bf49-3677d269d1cf,1990,CS,1,8,Booths Algorithm: | Question: 8b State the Booth's algorithm for multiplication of two numbers. Draw a block diagram for the implementation of the Booth's algorithm for determining the product of two -bit signed numbers. gate1990 descriptive digital-logic booths-algorithm,{},1.0,NAT,Booths Algorithm,,gate_cse_v1,,,,,,,
976592ed-7549-4a53-85d9-03163bb1072d,2023,CS,1,43,"Independent Events: | Question: 43 Consider a random experiment where two fair coins are tossed. Let be the event that denotes on both the throws, be the event that denotes on the ﬁrst throw, and be the event that denotes on the second throw. Which of the following statements is/are gatecse-2023 probability independent-events multiple-selects two-marks",{},2.0,NAT,Independent Events,,gate_cse_v1,,,,,,,
2614f28a-ec0c-48e8-b96b-762332844b57,2019,CS,1,11,Transaction and Concurrency: | Question: 11 Consider the following two statements about database transaction schedules: I. Strict two-phase locking protocol generates conflict serializable schedules that are also recoverable. II. Timestamp-ordering concurrency control protocol with Thomas’ Write Rule can generate view serializable schedules that are not conflict serializable Which of the above statements is/are TRUE? 3.25.17 3.25.18 A. durability B. atomicity C. consistency D. isolation 3.25.19 A. Only B. Only C. Both and D. Neither nor 3.25.20 A. Atomicity B. Consistency C. Isolation D. Durability 3.25.21 A. Both and only read B. reads and writes C. writes and reads D. Both and write gatecse-2019 databases transaction-and-concurrency one-mark,"{""A"": ""durability"", ""B"": ""atomicity"", ""C"": ""consistency"", ""D"": ""isolation 3.25.19""}",1.0,MCQ,Transaction and Concurrency,,gate_cse_v1,,,,,,,
18f612f3-4f44-400c-ae76-940699d01d9f,1996,CS,1,0,gate1996 probability easy,{},1.0,NAT,probability,easy,gate_cse_v1,,,,,,,
d8dfb775-588b-4874-8191-2152b53eb446,2013,CS,1,22,Continuity: | Question: 22 Which one of the following functions is continuous at A. B. C. D. gatecse-2013 calculus continuity normal,{},1.0,NAT,Continuity,,gate_cse_v1,,,,,,,
9c859ef0-2fc0-4a7a-a8ae-6f8c81ad5cbe,2010,CS,1,39,"Regular Expression: | Question: 39 Let . i.e., is the set of all the bit strings with even numbers of s. Which one of the regular expressions below represents ? gatecse-2010 theory-of-computation regular-expression normal",{},2.0,NAT,Regular Expression,,gate_cse_v1,,,,,,,
2dc6f695-6a78-4e28-989a-ca79429cd6ad,1997,CS,1,3,Determinant: | Question: 1.3 The determinant of the matrix gate1997 linear-algebra normal determinant,{},1.0,NAT,Determinant,,gate_cse_v1,,,,,,,
24644f6d-960e-49d6-aa39-13d04eff0c1e,2005,CS,1,38,Dijkstras Algorithm: | Question: 38 Let be an undirected graph with positive edge weights. Dijkstra’s single source shortest path algorithm can be implemented using the binary heap data structure with time complexity: C. D. 1.13.4 A. Queue B. Stack C. Heap D. B-Tree 1.13.5 A. only vertex B. only vertices C. only vertices D. all the vertices 1.14 1.14.1 1.14.2 A. B. gatecse-2005 algorithms graph-algorithms normal dijkstras-algorithm,{},2.0,NAT,Dijkstras Algorithm,,gate_cse_v1,,,,,,,
86906e61-858a-4f17-8319-76200fd9fca4,2000,CS,1,11,"Structure: | Question: 1.11 The following C declarations: struct node { int i: float j; }; struct node *s[10]; define s to be: A. An array, each element of which is a pointer to a structure of type node B. A structure of fields, each field being a pointer to an array of elements C. A structure of fields: an integer, a float, and an array of elements D. An array, each element of which is a structure of type node 5.16.2 A. 0, c B. 0, a+2 C. '0', 'a+2' D. '0', 'c' 5.16.3 5.16.4 gatecse-2000 programming programming-in-c easy structure","{""A"": ""An array, each element of which is a pointer to a structure of type node"", ""B"": ""A structure of fields, each field being a pointer to an array of elements"", ""C"": ""A structure of fields: an integer, a float, and an array of elements"", ""D"": ""An array, each element of which is a structure of type node 5.16.2""}",1.0,MCQ,Structure,,gate_cse_v1,,,,,,,
777937fe-e0fb-4618-8dcd-eaf65e539586,2011,CS,1,6,"Context Switch: | Question: 6, UGCNET-June2013-III: 62 Let the time taken to switch from user mode to kernel mode of execution be while time taken to switch between two user processes be . Which of the following is correct? gatecse-2011 operating-system context-switch easy ugcnetcse-june2013-paper3",{},1.0,NAT,Context Switch,,gate_cse_v1,,,,,,,
df4eb9c1-dab6-48a8-84d5-efce40b8b16a,2011,CS,1,8,Non Determinism: | Question: 8 Which of the following pairs have DIFFERENT expressive power? A. Deterministic finite automata (DFA) and Non-deterministic finite automata (NFA) B. Deterministic push down automata (DPDA) and Non-deterministic push down automata (NPDA) C. Deterministic single tape Turing machine and Non-deterministic single tape Turing machine D. Single tape Turing machine and multi-tape Turing machine gatecse-2011 theory-of-computation easy non-determinism,"{""A"": ""Deterministic finite automata (DFA) and Non-deterministic finite automata (NFA)"", ""B"": ""Deterministic push down automata (DPDA) and Non-deterministic push down automata (NPDA)"", ""C"": ""Deterministic single tape Turing machine and Non-deterministic single tape Turing machine"", ""D"": ""Single tape Turing machine and multi-tape Turing machine gatecse-2011 theory-of-computation easy non-determinism""}",1.0,MCQ,Non Determinism,,gate_cse_v1,,,,,,,
aab8d2aa-da25-46fd-9c18-89c17855ce31,2009,CS,1,13,"Bellman Ford: | Question: 13 Which of the following statement(s) is/are correct regarding Bellman-Ford shortest path algorithm? P: Always finds a negative weighted cycle, if one exists. Q: Finds whether any negative weighted cycle is reachable from the source. gatecse-2009 algorithms graph-algorithms normal bellman-ford",{},1.0,NAT,Bellman Ford,,gate_cse_v1,,,,,,,
63822bb0-8d36-434f-888d-cd37dbb2b623,2019,CS,1,9,Determinant: | Question: 9 Let be a square matrix. Consider the following two statements on . I. is invertible II. Determinant of is non-zero Which one of the following is TRUE? gatecse-2019 engineering-mathematics linear-algebra determinant one-mark,{},1.0,NAT,Determinant,,gate_cse_v1,,,,,,,
4a8150ae-600b-4fa1-b7e5-e0015ec744f7,2018,CS,1,46,Binary Heap: | Question: 46 The number of possible min-heaps containing each value from exactly once is _______ gatecse-2018 binary-heap numerical-answers combinatory two-marks,{},2.0,NAT,Binary Heap,,gate_cse_v1,,,,,,,
cc69a3be-99a2-40ac-8727-2c24ab3b8155,1998,CS,1,16,Memory Management: | Question: 2.16 The overlay tree for a program is as shown below: What will be the size of the partition (in physical memory) required to load (and run) this program? gate1998 operating-system normal memory-management,{},1.0,NAT,Memory Management,,gate_cse_v1,,,,,,,
8bf15a05-c682-44c6-bde5-d6887f080acf,1994,CS,1,7,"Recurrence Relation: | Question: 1.7, ISRO2017-14 The recurrence relation that arises in relation with the complexity of binary search is: gate1994 algorithms recurrence-relation easy isro2017",{},1.0,NAT,Recurrence Relation,,gate_cse_v1,,,,,,,
71c6f81e-6ef4-44e3-ba2b-64ba26439c3f,2022,CS,1,19,"LR Parser: | Question: 19 Consider the augmented grammar with as the set of terminals. I f is the set of two items , then contains exactly ______________ items. gatecse-2022 numerical-answers compiler-design parsing lr-parser one-mark",{},1.0,NAT,LR Parser,,gate_cse_v1,,,,,,,
e86c6f9a-dca6-41c4-b0ef-ab89264d570e,2004,CS,1,80,"Uniform Distribution: | Question: 80 A point is randomly selected with uniform probability in the plane within the rectangle with corners at and If is the length of the position vector of the point, the expected value of is gatecse-2004 probability uniform-distribution expectation normal",{},1.0,NAT,Uniform Distribution,,gate_cse_v1,,,,,,,
1fef0cd9-08c9-488f-89a9-8143320823ce,2007,CS,1,40,"Hashing: | Question: 40 Consider a hash table of size seven, with starting index zero, and a hash function . Assuming the hash table is initially empty, which of the following is the contents of the table when the sequence is inserted into the table using closed hashing? Note that − denotes an empty location in the table. gatecse-2007 data-structures hashing easy",{},2.0,NAT,Hashing,,gate_cse_v1,,,,,,,
ae6b0c66-436c-4943-9d26-7a9ff848c5c4,2004,CS,1,68,"DMA: | Question: 68 A hard disk with a transfer rate of Mbytes/second is constantly transferring data to memory using DMA. The processor runs at MHz, and takes and clock cycles to initiate and complete DMA transfer respectively. If the size of the transfer is Kbytes, what is the percentage of processor time consumed for the transfer operation? gatecse-2004 dma normal co-and-architecture",{},1.0,NAT,DMA,,gate_cse_v1,,,,,,,
39f2eb3a-2952-437c-ade4-5bc93b4a09da,2023,CS,1,31,"Machine Instruction: | Question: 31 Consider the given -code and its corresponding assembly code, with a few operands being unknown. Some useful information as well as the semantics of each unique assembly instruction is annotated as inline comments in the code. The memory is byte-addressable. //C-code int a[10], b[10], i; // int is 32 bit for(i=0; i<10; i++) a[i] = b[i] * 8; ;assembly code (; indicates comments) ;r1-r5 are 32-bit integer registers ;initialize r1=0, r2=10 ;initialize r3, r4 with base address of a, b L01: jeq r1, r2, end ;if(r1==r2) goto end L02: lw, r5, 0(r4) ;r5 <- Memory[r4+0] L03: shl, r5, r5, U1 ;r5 <- r5 << U1 L04: sw, r5, 0(r3) ;Memory[r3+0] <- r5 L05: add, r3, r3, U2 ;r3 <- r3+U2 L06: add, r4, r4, U3 L07: add, r1, r1, 1 L08: jmp U4 ;goto U4 L09: end Which one of the following options is a replacement for operands in the position in the above assembly code? gatecse-2023 co-and-architecture machine-instruction two-marks",{},2.0,NAT,Machine Instruction,,gate_cse_v1,,,,,,,
37cb0f0a-a765-4a48-b04a-8d1d99431381,2011,CS,1,60,Opposite: | Question: 60 Choose the word from the options given below that is most nearly opposite in the meaning to the given word Amalgamate 7.9.2 A. sticky B. well-connected C. rambling D. friendly 7.10 7.10.1 7.10.2 7.10.3 7.10.4 7.10.5 gatecse-2011 verbal-aptitude opposite normal,"{""A"": ""sticky"", ""B"": ""well-connected"", ""C"": ""rambling"", ""D"": ""friendly 7.10 7.10.1 7.10.2 7.10.3 7.10.4 7.10.5 gatecse-2011 verbal-aptitude opposite normal""}",2.0,MCQ,Opposite,,gate_cse_v1,,,,,,,
3b491046-7f78-4ce4-86ff-ca3c9734214c,2022,CS,1,32,Round Robin Scheduling: | Question: 32 Consider four processes and scheduled on a as per round robin algorithm with a time quantum of The processes arrive in the order all at time There is exactly one context switch from to exactly one context switch from to and exactly two context switches from to There is no context switch from to Switching to a ready process after the termination of another process is also considered a context switch. Which one of the following is possible as burst time of these processes? gatecse-2022 operating-system process-scheduling round-robin-scheduling two-marks,{},2.0,NAT,Round Robin Scheduling,,gate_cse_v1,,,,,,,
7f17b4d0-53ff-45a3-863f-8def28c0e7a5,1997,CS,1,76,"Relational Algebra: | Question: 76-a Consider the following relational database schema: EMP (eno name, age) PROJ (pno name) INVOLVED (eno, pno) EMP contains information about employees. PROJ about projects and involved about which employees involved in which projects. The underlined attributes are the primary keys for the respective relations. What is the relational algebra expression containing one or more of which is equivalent to SQL query. select eno from EMP|INVOLVED where EMP.eno=INVOLVED.eno and INVOLVED.pno=3 3.18.7 A. B. C. D. 3.18.8 3.18.9 3.18.10 gate1997 databases sql relational-algebra descriptive",{},1.0,NAT,Relational Algebra,,gate_cse_v1,,,,,,,
aece8436-97ad-47c9-9625-aeabc5e51e14,2005,CS,1,42,"Relations: | Question: 42 Let and be any two equivalence relations on a non-empty set . Which one of the following statements is TRUE? A. , are both equivalence relations B. is an equivalence relation C. is an equivalence relation D. Neither nor are equivalence relations gatecse-2005 set-theory&algebra normal relations","{""A"": "", are both equivalence relations"", ""B"": ""is an equivalence relation"", ""C"": ""is an equivalence relation"", ""D"": ""Neither nor are equivalence relations gatecse-2005 set-theory&algebra normal relations""}",2.0,MCQ,Relations,,gate_cse_v1,,,,,,,
4d989db0-d31c-448f-a04c-33a540cb09ce,2008,CS,1,20,File System: | Question: 20 The data blocks of a very large file in the Unix file system are allocated using gatecse-2008 file-system operating-system normal,{},1.0,NAT,File System,,gate_cse_v1,,,,,,,
f37c1bae-d5fc-464b-a701-31115a9aa3bb,2022,CS,1,44,"Direct Mapping: | Question: 44 Consider a system with direct mapped data cache with a block size of The system has a physical address space of and a word length of During the execution of a program, four data words and are accessed in that order times Hence, there are accesses to data cache altogether. Assume that the data cache is initially empty and no other data words are accessed by the program. The addresses of the ﬁrst bytes of and are and respectively. For the execution of the above program, which of the following statements is/are with respect to the data cache? A. Every access to is a hit. B. Once is brought to the cache it is never evicted. C. At the end of the execution only and reside in the cache. D. Every access to evicts from the cache. gatecse-2022 co-and-architecture direct-mapping multiple-selects two-marks cache-memory","{""A"": ""Every access to is a hit."", ""B"": ""Once is brought to the cache it is never evicted."", ""C"": ""At the end of the execution only and reside in the cache."", ""D"": ""Every access to evicts from the cache. gatecse-2022 co-and-architecture direct-mapping multiple-selects two-marks cache-memory""}",2.0,MSQ,Direct Mapping,,gate_cse_v1,,,,,,,
46a01a25-e760-4d47-9b1e-37d1bcfe938b,2020,CS,1,16,"Linked List: | Question: 16 What is the worst case time complexity of inserting elements into an empty linked list, if the linked list needs to be maintained in sorted order? gatecse-2020 linked-list one-mark",{},1.0,NAT,Linked List,,gate_cse_v1,,,,,,,
c0b8be3d-effe-486c-8471-c84afe88fa2c,1997,CS,1,72,"Floating Point Representation: | Question: 72 Following floating point number format is given is a fraction represented by a mantissa (includes sign bit) in sign magnitude form, is a exponent (includes sign hit) in sign magnitude form and is a ﬂoating point number. Let in decimal and in decimal a. Represent and as floating point numbers in the above format. b. Show the steps involved in floating point addition of and c. What is the percentage error (up to one position beyond decimal point) in the addition operation in (b)? gate1997 digital-logic floating-point-representation normal descriptive",{},1.0,NAT,Floating Point Representation,,gate_cse_v1,,,,,,,
7ea93ea3-5df8-4ac1-b86b-1f8efce17940,2007,CS,1,65,LAN Technologies: | Question: 65 There are stations in slotted LAN. Each station attempts to transmit with a probability in each time slot. What is the probability that ONLY one station transmits in a given time slot? gatecse-2007 computer-networks lan-technologies probability normal,{},2.0,NAT,LAN Technologies,,gate_cse_v1,,,,,,,
f5ae89f7-7c2d-4765-a777-e171f63edc51,2008,CS,1,70,"Indexing: | Question: 70 Consider a ﬁle of records. Each record is long and its key ﬁeld is of size . The ﬁle is ordered on a non-key ﬁeld, and the ﬁle organization is unspanned. The ﬁle is stored in a ﬁle system with block size , and the size of a block pointer is . If the secondary index is built on the key ﬁeld of the ﬁle, and a multi-level index scheme is used to store the secondary index, the number of ﬁrst-level and second-level blocks in the multi-level index are respectively gatecse-2008 databases indexing normal",{},1.0,NAT,Indexing,,gate_cse_v1,,,,,,,
fc61ef68-3092-45b1-92bb-b039550a3df3,2020,CS,1,20,"Decoder: | Question: 20 If there are input lines and output lines for a decoder that is used to uniquely address a byte addressable KB RAM, then the minimum value of is ________ . gatecse-2020 numerical-answers digital-logic decoder one-mark",{},1.0,NAT,Decoder,,gate_cse_v1,,,,,,,
bc05aa98-d10c-472f-81d3-330c8c00aa43,2005,CS,1,74,MAC Protocol: | Question: 74 Suppose the round trip propagation delay for a Ethernet having jamming signal is . The minimum frame size is: gatecse-2005 computer-networks mac-protocol ethernet,{},1.0,NAT,MAC Protocol,,gate_cse_v1,,,,,,,
4099b5ac-004e-4a9c-9888-b4d9c3bef820,2006,CS,1,83,"Bridges: | Question: 83 Consider the diagram shown below where a number of LANs are connected by (transparent) bridges. In order to avoid packets looping through circuits in the graph, the bridges organize themselves in a spanning tree. First, the root bridge is identiﬁed as the bridge with the least serial number. Next, the root sends out (one or more) data units to enable the setting up of the spanning tree of shortest paths from the root bridge to each bridge. Each bridge identiﬁes a port (the root port) through which it will forward frames to the root bridge. Port conﬂicts are always resolved in favour of the port with the lower index value. When there is a possibility of multiple bridges forwarding to the same LAN (but not through the root port), ties are broken as follows: bridges closest to the root get preference and between such bridges, the one with the lowest serial number is preferred. Consider the spanning tree for the given connection of LANs by bridges, that represents the depth ﬁrst traversal of the spanning tree of bridges. Let host send out a broadcast ping packet. Which of the following options represents the correct forwarding table on ? 2.5 2.5.1 A. B. C. D. 2.5.2 A. B. C. D. 2.5.3 a. b. c. d. gatecse-2006 computer-networks bridges normal",{},1.0,NAT,Bridges,,gate_cse_v1,,,,,,,
ec1fc524-6176-47d1-9efe-5951b680473a,2011,CS,1,12,"Candidate Key: | Question: 12 Consider a relational table with a single record for each registered student with the following attributes: 1. Unique registration number for each registered student 2. Unique identity number, unique at the national level for each citizen 3. Unique account number at the bank. A student can have multiple accounts or joint accounts. This attribute stores the primary account number. 4. Name of the student 5. Room number of the hostel Which of the following options is INCORRECT? A. is a candidate key B. can be a primary key C. is a candidate key if all students are from the same country D. If is a super key such that is then is also a superkey gatecse-2011 databases normal candidate-key","{""A"": ""is a candidate key"", ""B"": ""can be a primary key"", ""C"": ""is a candidate key if all students are from the same country"", ""D"": ""If is a super key such that is then is also a superkey gatecse-2011 databases normal candidate-key""}",1.0,MSQ,Candidate Key,,gate_cse_v1,,,,,,,
9805cd9f-0ef3-4f33-9b70-4735df82729b,2005,CS,1,13,Group Theory: | Question: 13 The set is a group under multiplication modulo . The inverses of and are respectively: gatecse-2005 set-theory&algebra normal group-theory,{},1.0,NAT,Group Theory,,gate_cse_v1,,,,,,,
ae7d3e88-8a67-4927-9378-0cc21906262a,2019,CS,1,14,B Tree: | Question: 14 Which one of the following statements is NOT correct about the tree data structure used for creating an index of a relational database table? A. Tree is a height-balanced tree B. Non-leaf nodes have pointers to data records C. Key values in each node are kept in sorted order D. Each leaf node has a pointer to the next leaf node gatecse-2019 databases b-tree one-mark,"{""A"": ""Tree is a height-balanced tree"", ""B"": ""Non-leaf nodes have pointers to data records"", ""C"": ""Key values in each node are kept in sorted order"", ""D"": ""Each leaf node has a pointer to the next leaf node gatecse-2019 databases b-tree one-mark""}",1.0,MCQ,B Tree,,gate_cse_v1,,,,,,,
79d0bf51-ab5e-4520-8a21-d066a82628c1,2010,CS,1,55,Distance Vector Routing: | Question: 55 Consider a network with routers to connected with links having weights as shown in the following diagram. Suppose the weights of all unused links are changed to and the distance vector algorithm is used again until all routing tables stabilize. How many links will now remain unused? gatecse-2010 computer-networks routing distance-vector-routing normal,{},2.0,NAT,Distance Vector Routing,,gate_cse_v1,,,,,,,
8be6ff0e-e266-440e-82a7-33e334e0a680,2022,CS,1,47,"Distance Vector Routing: | Question: 47 Consider a network with three routers shown in the figure below. All the links have cost of unity. The routers exchange distance vector routing information and have converged on the routing tables, after which the link fails. Assume that and send out routing updates at random times, each at the same average rate. The probability of a routing loop formation (rounded oﬀ to one decimal place) between and leading to count- to-infinity problem, is _______________. gatecse-2022 numerical-answers computer-networks routing distance-vector-routing two-marks",{},2.0,NAT,Distance Vector Routing,,gate_cse_v1,,,,,,,
b049a871-f64c-4c44-8060-670146e7d189,2012,CS,1,38,"Counting: | Question: 38 Let be a complete undirected graph on vertices. If vertices of are labeled, then the number of distinct cycles of length in is equal to gatecse-2012 graph-theory normal marks-to-all counting",{},2.0,NAT,Counting,,gate_cse_v1,,,,,,,
67db68b4-91dc-4aa2-8bc8-9bcd2003ce1c,2018,CS,1,54,IP Addressing: | Question: 54 Consider an IP packet with a length of that includes a header and a TCP header. The packet is forwarded to an router that supports a Maximum Transmission Unit (MTU) of . Assume that the length of the IP header in all the outgoing fragments of this packet is . Assume that the fragmentation offset value stored in the first fragment is . The fragmentation offset value stored in the third fragment is ________. gatecse-2018 computer-networks ip-addressing numerical-answers two-marks,{},2.0,NAT,IP Addressing,,gate_cse_v1,,,,,,,
592b8aa1-5815-4591-9335-4fc4759e848d,2019,CS,1,37,Time Complexity: | Question: 37 There are unsorted arrays: . Assume that is odd.Each of contains distinct elements. There are no common elements between any two arrays. The worst-case time complexity of computing the median of the medians of is gatecse-2019 algorithms time-complexity two-marks,{},2.0,NAT,Time Complexity,,gate_cse_v1,,,,,,,
b7226519-db34-4d37-8031-c2af6b9ac389,2003,CS,1,24,"Type Checking: | Question: 24 Which of the following statements is FALSE? A. In statically typed languages, each variable in a program has a fixed type B. In un-typed languages, values do not have any types C. In dynamically typed languages, variables have no types D. In all statically typed languages, each variable in a program is associated with values of only a single type during the execution of the program gatecse-2003 programming normal type-checking","{""A"": ""In statically typed languages, each variable in a program has a fixed type"", ""B"": ""In un-typed languages, values do not have any types"", ""C"": ""In dynamically typed languages, variables have no types"", ""D"": ""In all statically typed languages, each variable in a program is associated with values of only a single type during the execution of the program gatecse-2003 programming normal type-checking""}",1.0,MCQ,Type Checking,,gate_cse_v1,,,,,,,
1ac7fd00-9cb1-4121-b133-ee50571dea59,2023,CS,1,36,"Priority Queue: | Question: 36 Let be a priority queue for maintaining a set of elements. Suppose is implemented using a max-heap data structure. The operation extracts and deletes the maximum element from . The operation inserts a new element in . The properties of a max-heap are preserved at the end of each of these operations. When contains elements, which one of the following statements about the worst case running time of these two operations is A. Both and run in . B. Both and run in . C. runs in whereas runs in . D. runs in whereas runs in . gatecse-2023 data-structures priority-queue time-complexity binary-heap two-marks","{""A"": ""Both and run in ."", ""B"": ""Both and run in ."", ""C"": ""runs in whereas runs in ."", ""D"": ""runs in whereas runs in . gatecse-2023 data-structures priority-queue time-complexity binary-heap two-marks""}",2.0,MCQ,Priority Queue,,gate_cse_v1,,,,,,,
88bab78b-ba35-4a38-9dc7-f547b33acf41,2022,CS,1,48,"Minimum Spanning Tree: | Question: 48 Let be a directed graph, where is the set of vertices and is the set of directed edges, as defined by the following adjacency matrix indicates a directed edge from node to node A of rooted at is deﬁned as a subgraph of such that the undirected version of is a tree, and contains a directed path from to every other vertex in The number of such directed spanning trees rooted at vertex is __________________. gatecse-2022 numerical-answers algorithms minimum-spanning-tree two-marks",{},2.0,NAT,Minimum Spanning Tree,,gate_cse_v1,,,,,,,
3d858613-7e07-4b40-9753-baab5fc2b217,2016,CS,2,40,"Q.40 The number of ways in which the numbers 1, 2, 3, 4, 5, 6, 7 can be inserted in an empty binary search tree, such that the resulting tree has height 6, is . Note: The height of a tree with a single node is 0. CS(Set B) 11/18 GATE 2016 COMPUTER SCIENCE AND INFORMATION TECHNOLOGY",{},2.0,NAT,,,gate_cse_v1,,,,,,,
b0fdc089-4f5c-48a7-9053-01aa04958992,2006,CS,1,60,"Code Optimization: | Question: 60 Consider the following C code segment. for (i = 0, i < n; i++) { for (j = 0; j < n; j++) 2.6.3 2.6.4 2.6.5 2.6.6 { if (i%2) { x += (4*j + 5*i); y += (7 + 4*j); } } } Which one of the following is false? A. The code contains loop invariant computation B. There is scope of common sub-expression elimination in this code C. There is scope of strength reduction in this code D. There is scope of dead code elimination in this code gatecse-2006 compiler-design code-optimization","{""A"": ""The code contains loop invariant computation"", ""B"": ""There is scope of common sub-expression elimination in this code"", ""C"": ""There is scope of strength reduction in this code"", ""D"": ""There is scope of dead code elimination in this code gatecse-2006 compiler-design code-optimization""}",2.0,MCQ,Code Optimization,,gate_cse_v1,,,,,,,
87a8f713-bb8e-482d-8f8e-fe6a0b4d5c53,2010,CS,1,17,Recursive and Recursively Enumerable Languages: | Question: 17 Let be the recursive language. Let and be languages that are recursively enumerable but not recursive. Which of the following statements is not necessarily true? A. B. C. D. gatecse-2010 theory-of-computation recursive-and-recursively-enumerable-languages decidability normal,{},1.0,NAT,Recursive and Recursively Enumerable Languages,,gate_cse_v1,,,,,,,
c08363c0-82de-4b19-be43-9db656618750,2020,CS,1,11,"Memory Management: | Question: 11 Consider allocation of memory to a new process. Assume that none of the existing holes in the memory will exactly ﬁt the process’s memory requirement. Hence, a new hole of smaller size will be created if allocation is made in any of the existing holes. Which one of the following statement is TRUE? A. The hole created by first fit is always larger than the hole created by next fit. B. The hole created by worst fit is always larger than the hole created by first fit. C. The hole created by best fit is never larger than the hole created by first fit. D. The hole created by next fit is never larger than the hole created by best fit. gatecse-2020 operating-system memory-management one-mark 5.17.8 A. B. C. D. 5.17.9 A. B. C. D. 5.18 5.18.1 5.19 5.19.1","{""A"": ""The hole created by first fit is always larger than the hole created by next fit."", ""B"": ""The hole created by worst fit is always larger than the hole created by first fit."", ""C"": ""The hole created by best fit is never larger than the hole created by first fit."", ""D"": ""The hole created by next fit is never larger than the hole created by best fit. gatecse-2020 operating-system memory-management one-mark 5.17.8""}",5.0,MCQ,Memory Management,,gate_cse_v1,,,,,,,
7fd4484f-e2ab-4c18-8cc8-49296407aa10,2023,CS,1,6,Relational Model: | Question: 6 Which one of the options given below refers to the degree (or arity) of a relation in relational database systems? A. Number of attributes of its relation schema. B. Number of tuples stored in the relation. C. Number of entries in the relation. D. Number of distinct domains of its relation schema. gatecse-2023 databases relational-model one-mark easy,"{""A"": ""Number of attributes of its relation schema."", ""B"": ""Number of tuples stored in the relation."", ""C"": ""Number of entries in the relation."", ""D"": ""Number of distinct domains of its relation schema. gatecse-2023 databases relational-model one-mark easy""}",1.0,MCQ,Relational Model,,gate_cse_v1,,,,,,,
024355a9-39ea-42d9-a53f-c482c8a3c54e,1998,CS,1,0,gate1998 databases ugcnetcse-june2012-paper3 database-normalization,{},1.0,NAT,databases,ugcnetcse-june2012-paper3,gate_cse_v1,,,,,,,
9a3406d0-7955-4ac7-b084-479b0d5af78d,2018,CS,1,5,CISC RISC Architecture: | Question: 5 Consider the following processor design characteristics: I. Register-to-register arithmetic operations only II. Fixed-length instruction format III. Hardwired control unit Which of the characteristics above are used in the design of a RISC processor? gatecse-2018 co-and-architecture cisc-risc-architecture easy one-mark,{},1.0,NAT,CISC RISC Architecture,,gate_cse_v1,,,,,,,
f7d5515b-23a9-433e-8089-12b333e82eaf,2010,CS,1,50,Minimum Spanning Tree: | Question: 50 Consider a complete undirected graph with vertex set . Entry in the matrix below is the weight of the edge What is the minimum possible weight of a spanning tree in this graph such that vertex is a leaf node in the tree ? gatecse-2010 algorithms minimum-spanning-tree normal,{},2.0,NAT,Minimum Spanning Tree,,gate_cse_v1,,,,,,,
59f31fb5-0263-4fd9-b1e5-f6a5640b3b31,2019,CS,1,23,"Process Synchronization: | Question: 23 Consider three concurrent processes and as shown below, which access a shared variable that has been initialized to The processes are executed on a uniprocessor system running a time-shared operating system. If the minimum and maximum possible values of after the three processes have completed execution are and respectively, then the value of is ______ gatecse-2019 numerical-answers operating-system process-synchronization one-mark",{},1.0,NAT,Process Synchronization,,gate_cse_v1,,,,,,,
80299282-60e6-4656-b920-8ef7e6d595fe,2023,CS,1,50,"Syntax Directed Translation: | Question: 50 Consider the syntax directed translation given by the following grammar and semantic rules. Here and are non-terminals. is the starting non-terminal, and and are lexical tokens corresponding to input letters respectively. denotes the synthesized attribute (a numeric value) associated with a non-terminal and denote occurrences of and on the right hand side of a production, respectively. For the tokens and and . The value computed by the translation scheme for the input string is ____________. (Rounded off to three decimal places) gatecse-2023 compiler-design syntax-directed-translation numerical-answers two-marks",{},2.0,NAT,Syntax Directed Translation,,gate_cse_v1,,,,,,,
8b247364-7947-42e6-b2a7-8e6193893610,2008,CS,1,47,Time Complexity: | Question: 47 We have a binary heap on elements and wish to insert more elements (not necessarily one after another) into this heap. The total time required for this is gatecse-2008 algorithms time-complexity normal,{},2.0,NAT,Time Complexity,,gate_cse_v1,,,,,,,
c4aa058e-6ae7-4e85-8caf-234f7a9415ef,2010,CS,1,49,"Cache Memory: | Question: 49 A computer system has an cache, an cache, and a main memory unit connected as shown below. The block size in cache is words. The block size in cache is words. The memory access times are nanoseconds, nanoseconds and nanoseconds for cache, cache and the main memory unit respectively. When there is a miss in both cache and cache, ﬁrst a block is transferred from main memory to cache, and then a block is transferred from cache to cache. What is the total time taken for these transfers? gatecse-2010 co-and-architecture cache-memory normal",{},2.0,NAT,Cache Memory,,gate_cse_v1,,,,,,,
224c7095-eb2d-47ce-a1a0-9a27e7fdf1c7,1995,CS,1,16,"Merging: | Question: 1.16 For merging two sorted lists of sizes and into a sorted list of size , we require comparisons of gate1995 algorithms sorting normal merging",{},1.0,NAT,Merging,,gate_cse_v1,,,,,,,
6119ab9e-3898-46ba-8c8c-3b79d24ac50a,2007,CS,1,13,Binary Tree: | Question: 13 The maximum number of binary trees that can be formed with three unlabeled nodes is: gatecse-2007 data-structures binary-tree normal,{},1.0,NAT,Binary Tree,,gate_cse_v1,,,,,,,
d1c636bc-9837-4e23-8dd9-ef2c427d3316,2022,CS,1,15,Relational Algebra: | Question: 15 Consider the following three relations in a relational database. Which of the following relational algebra expressions return the set of who own all the brands? A. B. C. D. gatecse-2022 databases relational-algebra multiple-selects one-mark,{},1.0,NAT,Relational Algebra,,gate_cse_v1,,,,,,,
af034d3a-0318-45fd-9b4f-29047344de26,2011,CS,1,20,"Virtual Memory: | Question: 20, UGCNET-June2013-II: 48 Let the page fault service time be milliseconds(ms) in a computer with average memory access time being nanoseconds (ns). If one page fault is generated every memory accesses, what is the eﬀective access time for memory? gatecse-2011 operating-system virtual-memory normal ugcnetcse-june2013-paper2",{},1.0,NAT,Virtual Memory,,gate_cse_v1,,,,,,,
68212cee-d8bb-4dd2-b6f9-3f463feffac3,2010,CS,1,11,"Parameter Passing: | Question: 11 What does the following program print? #include<stdio.h> void f(int *p, int *q) { p=q; *p=2; } A. B. C. D. 5.8.7 5.8.8 5.8.9 int i=0, j=1; int main() { f(&i, &j); printf(""%d %d\n"", i,j); return 0; } gatecse-2010 programming programming-in-c easy parameter-passing",{},1.0,NAT,Parameter Passing,,gate_cse_v1,,,,,,,
09cf14f6-b843-46cf-8c1a-5aaccccdd607,2023,CS,1,10,"Hashing: | Question: 10 An algorithm has to store several keys generated by an adversary in a hash table. The adversary is malicious who tries to maximize the number of collisions. Let be the number of keys, be the number of slots in the hash table, and . Which one of the following is the best hashing strategy to counteract the adversary? A. Division method, i.e., use the hash function . B. Multiplication method, i.e., use the hash function , where is a carefully chosen constant. C. Universal hashing method. D. If is a prime number, use Division method. Otherwise, use Multiplication method. gatecse-2023 algorithms hashing one-mark","{""A"": ""Division method, i.e., use the hash function ."", ""B"": ""Multiplication method, i.e., use the hash function , where is a carefully chosen constant."", ""C"": ""Universal hashing method."", ""D"": ""If is a prime number, use Division method. Otherwise, use Multiplication method. gatecse-2023 algorithms hashing one-mark""}",1.0,MCQ,Hashing,,gate_cse_v1,,,,,,,
3d80c5fa-c09d-4904-8c3a-f2a01a87db39,1995,CS,1,13,Vector Space: | Question: 2.13 A unit vector perpendicular to both the vectors and is: gate1995 linear-algebra normal vector-space,{},1.0,NAT,Vector Space,,gate_cse_v1,,,,,,,
977adb49-029c-4f1c-9637-83433bb3b39d,1998,CS,1,26,"LR Parser: | Question: 1.26 Which of the following statements is true? A. SLR parser is more powerful than LALR B. LALR parser is more powerful than Canonical LR parser C. Canonical LR parser is more powerful than LALR parser D. The parsers SLR, Canonical CR, and LALR have the same power gate1998 compiler-design parsing normal lr-parser","{""A"": ""SLR parser is more powerful than LALR"", ""B"": ""LALR parser is more powerful than Canonical LR parser"", ""C"": ""Canonical LR parser is more powerful than LALR parser"", ""D"": ""The parsers SLR, Canonical CR, and LALR have the same power gate1998 compiler-design parsing normal lr-parser""}",2.0,MCQ,LR Parser,,gate_cse_v1,,,,,,,
20b0dea5-bc2d-4c82-b572-7cbac6bf6360,2012,CS,1,26,Graph Isomorphism: | Question: 26 Which of the following graphs is isomorphic to gatecse-2012 graph-theory graph-isomorphism normal,{},2.0,NAT,Graph Isomorphism,,gate_cse_v1,,,,,,,
eff67e1d-dfd3-48f0-982e-e442833583a4,2020,CS,1,55,"Congestion Control: | Question: 55 Consider a connection between a client and a server with the following speciﬁcations; the round trip time is ms, the size of the receiver advertised window is KB, slow-start threshold at the client is KB, and the maximum segment size is KB. The connection is established at time . Assume that there are no timeouts and errors during transmission. Then the size of the congestion window (in ) at time ms after all acknowledgements are processed is _______ gatecse-2020 numerical-answers computer-networks tcp congestion-control two-marks",{},2.0,NAT,Congestion Control,,gate_cse_v1,,,,,,,
d47c2f60-bfca-4ada-9630-f46d74b598d2,2008,CS,1,4,IEEE Representation: | Question: 4 In the IEEE floating point representation the hexadecimal value corresponds to gatecse-2008 digital-logic floating-point-representation ieee-representation easy,{},1.0,NAT,IEEE Representation,,gate_cse_v1,,,,,,,
9a2424a4-ba1c-44f7-be8e-18c37e456738,2000,CS,1,1,Pigeonhole Principle: | Question: 1.1 The minimum number of cards to be dealt from an arbitrarily shuﬄed deck of cards to guarantee that three cards are from same suit is gatecse-2000 easy pigeonhole-principle combinatory,{},1.0,NAT,Pigeonhole Principle,,gate_cse_v1,,,,,,,
4fd3c351-03cb-4097-807b-dcdabad4c35a,2023,CS,1,25,"Output: | Question: 25 The integer value printed by the program given below is _______________ #include<stdio.h> int funcp(){ static int x = 1; x++; return x; } int main(){ int x,y; x = funcp(); y = funcp()+x; printf(""%d\n"", (x+y)); return 0; } 5.7.3 A. The program prints as output B. The program prints as output C. The program gets stuck in an infinite loop D. The program prints as output 5.7.4 5.7.5 gatecse-2023 programming programming-in-c output numerical-answers one-mark","{""A"": ""The program prints as output"", ""B"": ""The program prints as output"", ""C"": ""The program gets stuck in an infinite loop"", ""D"": ""The program prints as output 5.7.4 5.7.5 gatecse-2023 programming programming-in-c output numerical-answers one-mark""}",1.0,MCQ,Output,,gate_cse_v1,,,,,,,
e79968e8-6bac-4d55-8447-97c686ccc422,2023,CS,1,32,"Memory Interfacing: | Question: 32 A kilobyte byte-addressable memory is realized using four memory blocks. Two input address lines are connected to the chip select port of these memory blocks through a decoder as shown in the ﬁgure. The remaining ten input address lines from are connected to the address port of these blocks. The chip select is active high. The input memory addresses in decimal, for the starting locations of each block (indicated as in the ﬁgure) are among the options given below. Which one of the following options is gatecse-2023 co-and-architecture memory-interfacing two-marks",{},2.0,NAT,Memory Interfacing,,gate_cse_v1,,,,,,,
a4ce093c-099c-47dc-90f3-33b87d94e75c,1997,CS,1,6,Pushdown Automata: | Question: 6.6 Which of the following languages over is accepted by a deterministic pushdown automata? Note: is the string obtained by reversing . gate1997 theory-of-computation pushdown-automata easy,{},1.0,NAT,Pushdown Automata,,gate_cse_v1,,,,,,,
8d584281-5ce0-40ce-9906-347203d6cedf,2013,CS,1,62,Factors: | Question: 62 Out of all the -digit integers between and a -digit number has to be selected at random. What is the probability that the selected number is not divisible by ? A. B. C. D. 5.34.2 A. B. C. D. 5.35 5.35.1 A. B. C. D. 5.35.2 A. B. C. D. 5.35.3 A. B. C. D. 5.35.4 A. B. C. D. 5.35.5 A. B. C. D. 5.36 5.36.1 gatecse-2013 quantitative-aptitude easy probability factors,{},2.0,NAT,Factors,,gate_cse_v1,,,,,,,
5b457484-e3c8-4a41-a515-21e493f5d66a,1993,CS,1,2,Differential Equation: | Question: 01.2 The differential equation is: A. linear B. non- linear C. homogeneous D. of degree two gate1993 calculus differential-equation easy out-of-gatecse-syllabus multiple-selects,"{""A"": ""linear"", ""B"": ""non- linear"", ""C"": ""homogeneous"", ""D"": ""of degree two gate1993 calculus differential-equation easy out-of-gatecse-syllabus multiple-selects""}",1.0,MSQ,Differential Equation,,gate_cse_v1,,,,,,,
c61de516-144d-4427-952e-8f151bd4198f,2012,CS,1,30,K Map: | Question: 30 What is the minimal form of the Karnaugh map shown below? Assume that denotes a don’t care term gatecse-2012 digital-logic k-map easy,{},2.0,NAT,K Map,,gate_cse_v1,,,,,,,
ac82340e-6b94-4bad-a766-110ee4fb51f9,2020,CS,1,22,"Array: | Question: 22 Consider the following C program. #include <stdio.h> int main () { int a[4] [5] = {{1, 2, 3, 4, 5}, {6, 7,8, 9, 10}, {11, 12, 13, 14, 15}, {16, 17,18, 19, 20}}; printf(“%d\n”, *(*(a+**a+2)+3)); return(0); } The output of the program is _______. gatecse-2020 numerical-answers programming-in-c array one-mark",{},1.0,NAT,Array,,gate_cse_v1,,,,,,,
6ecdc0a0-9be2-4a6d-b691-edfa82747483,2023,CS,1,29,"Context Free Language: | Question: 29 Consider the context-free grammar below where and are non-terminals, and and are terminal symbols. The starting non-terminal is . Which one of the following statements is A. The language generated by is B. The language generated by is C. The language generated by is D. The language generated by is not a regular language gatecse-2023 theory-of-computation context-free-language two-marks","{""A"": ""The language generated by is"", ""B"": ""The language generated by is"", ""C"": ""The language generated by is"", ""D"": ""The language generated by is not a regular language gatecse-2023 theory-of-computation context-free-language two-marks""}",2.0,MCQ,Context Free Language,,gate_cse_v1,,,,,,,
b494a7c5-c38d-4971-9704-047bfe18eea3,2023,CS,1,21,Definite Integral: | Question: 21 The value of the definite integral is _________. (Rounded off to the nearest integer) gatecse-2023 calculus definite-integral numerical-answers one-mark,{},1.0,NAT,Definite Integral,,gate_cse_v1,,,,,,,
442cae01-1d6b-41fa-bfac-f6c9a3f93e27,2006,CS,1,31,"P Np Npc Nph: | Question: 31 top☝ Let SHAM be the problem of ﬁnding a Hamiltonian cycle in a graph with divisible by and DHAM be the problem of determining if a Hamiltonian cycle exists in such graphs. Which one of the following is true? A. Both DHAM and SHAM are NP-hard B. SHAM is NP-hard, but DHAM is not C. DHAM is NP-hard, but SHAM is not D. Neither DHAM nor SHAM is NP-hard gatecse-2006 theory-of-computation p-np-npc-nph normal","{""A"": ""Both DHAM and SHAM are NP-hard"", ""B"": ""SHAM is NP-hard, but DHAM is not"", ""C"": ""DHAM is NP-hard, but SHAM is not"", ""D"": ""Neither DHAM nor SHAM is NP-hard gatecse-2006 theory-of-computation p-np-npc-nph normal""}",2.0,MCQ,P Np Npc Nph,,gate_cse_v1,,,,,,,
afdf86a9-bd19-4b26-8d45-02d41a7df191,2018,CS,1,20,Binary Tree: | Question: 20 The postorder traversal of a binary tree is . The inorder traversal of the same tree is . The height of a tree is the length of the longest path from the root to any leaf. The height of the binary tree above is _____ gatecse-2018 data-structures binary-tree numerical-answers one-mark,{},1.0,NAT,Binary Tree,,gate_cse_v1,,,,,,,
e04550a1-82ca-4d13-a45e-bee0dfd67672,2020,CS,1,0,gate2020 verbal-ability word-pairs,{},1.0,NAT,verbal-ability,word-pairs,gate_cse_v1,,,,,,,
63d10a00-6297-4bc5-aeb7-d374a75e0b00,2004,CS,1,18,"Flip Flop: | Question: 18, ISRO2007-31 In an latch made by cross-coupling two NAND gates, if both and inputs are set to , then it will result in gatecse-2004 digital-logic easy isro2007 flip-flop",{},1.0,NAT,Flip Flop,,gate_cse_v1,,,,,,,
a907e681-9158-403c-ba56-ccbb9eed334d,2003,CS,1,21,Graph Search: | Question: 21 Consider the following graph: Among the following sequences: I. abeghf II. abfehg III. abfhge IV. afghbe Which are the depth-first traversals of the above graph? gatecse-2003 algorithms graph-algorithms normal graph-search,{},1.0,NAT,Graph Search,,gate_cse_v1,,,,,,,
4f3d9472-b3aa-4c87-8e67-3032a02a2952,2006,CS,1,19,"Context Free Language: | Question: 19 Let , and . Which of these languages are NOT context free? gatecse-2006 theory-of-computation context-free-language normal",{},1.0,NAT,Context Free Language,,gate_cse_v1,,,,,,,
98d12640-75f3-413f-a2e0-96465f12599d,2010,CS,1,42,Transaction and Concurrency: | Question: 42 Consider the following schedule for transactions and Which one of the schedules below is the correct serialization of the above? gatecse-2010 databases transaction-and-concurrency normal,{},2.0,NAT,Transaction and Concurrency,,gate_cse_v1,,,,,,,
ab1d4bfc-e848-43d4-927b-6624ff19d1e1,2018,CS,1,33,"Fixed Point Representation: | Question: 33 Consider the unsigned 8-bit fixed point binary number representation, below, where the position of the primary point is between and . Assume is the most signiﬁcant bit. Some of the decimal numbers listed below cannot be represented exactly in the above representation: i. ii. iii. iv. Which one of the following statements is true? A. None of can be exactly represented B. Only cannot be exactly represented C. Only and cannot be exactly represented D. Only and cannot be exactly represented gatecse-2018 digital-logic number-representation fixed-point-representation normal two-marks","{""A"": ""None of can be exactly represented"", ""B"": ""Only cannot be exactly represented"", ""C"": ""Only and cannot be exactly represented"", ""D"": ""Only and cannot be exactly represented gatecse-2018 digital-logic number-representation fixed-point-representation normal two-marks""}",2.0,MCQ,Fixed Point Representation,,gate_cse_v1,,,,,,,
0f8001af-3dad-4dae-8e1d-3050074c18ec,2005,CS,1,65,"Addressing Modes: | Question: 65 Consider a three word machine instruction The ﬁrst operand (destination) uses indexed addressing mode with as the index register. The second operand (source) uses indirect addressing mode. and are memory addresses residing at the second and third words, respectively. The ﬁrst word of the instruction speciﬁes the opcode, the index register designation and the source and destination addressing modes. During execution of instruction, the two operands are added and stored in the destination (first operand). The number of memory cycles needed during the execution cycle of the instruction is: gatecse-2005 co-and-architecture addressing-modes normal",{},2.0,NAT,Addressing Modes,,gate_cse_v1,,,,,,,
9744ae0e-a8ab-48f9-ae43-63795788b1aa,1993,CS,1,5,"Out of Gatecse Syllabus: | Question: 01.5 Fourier series of the periodic function (period 2π) defined by But putting , we get the sum of the series gate1993 calculus normal out-of-gatecse-syllabus multiple-selects",{},1.0,NAT,Out of Gatecse Syllabus,,gate_cse_v1,,,,,,,
a988fdd0-4c44-4ef9-92e1-3bb8442960d5,1990,CS,1,0,gate1990 normal combinatory catalan-number multiple-selects,{},1.0,NAT,normal,combinatory,gate_cse_v1,,,,,,,
f8e32bfb-2569-4605-ab3d-04a051c40454,2022,CS,1,10,Matrix: | Question: 10 Consider the following two statements with respect to the matrices and Statement Statement where represents the trace of a matrix. Which one of the following holds? A. Statement is correct and Statement is wrong. B. Statement is wrong and Statement is correct. C. Both Statement and Statement are correct. D. Both Statement and Statement are wrong. gatecse-2022 linear-algebra matrix one-mark,"{""A"": ""Statement is correct and Statement is wrong."", ""B"": ""Statement is wrong and Statement is correct."", ""C"": ""Both Statement and Statement are correct."", ""D"": ""Both Statement and Statement are wrong. gatecse-2022 linear-algebra matrix one-mark""}",1.0,MCQ,Matrix,,gate_cse_v1,,,,,,,
54d15ac4-ebae-4b25-9838-3a525e3fa3e1,2005,CS,1,6,"Minimum Spanning Tree: | Question: 6 An undirected graph has nodes. its adjacency matrix is given by an square matrix whose (i) diagonal elements are 0’s and (ii) non-diagonal elements are 1’s. Which one of the following is TRUE? A. Graph has no minimum spanning tree (MST) B. Graph has unique MST of cost C. Graph has multiple distinct MSTs, each of cost D. Graph has multiple spanning trees of different costs 1.31.10 A. B. C. D. 1.31.11 A. B. C. D. 1.31.12 1.31.13 gatecse-2005 algorithms minimum-spanning-tree normal","{""A"": ""Graph has no minimum spanning tree (MST)"", ""B"": ""Graph has unique MST of cost"", ""C"": ""Graph has multiple distinct MSTs, each of cost"", ""D"": ""Graph has multiple spanning trees of different costs 1.31.10""}",1.0,MSQ,Minimum Spanning Tree,,gate_cse_v1,,,,,,,
41b6fa3a-0bf9-46cb-a889-42a541b7f9b6,1998,CS,1,22,Parsing: | Question: 22 A. An identiﬁer in a programming language consists of up to six letters and digits of which the ﬁrst character must be a letter. Derive a regular expression for the identifier. B. Build an parsing table for the language defined by the grammar with productions gate1998 compiler-design parsing descriptive,{},1.0,NAT,Parsing,,gate_cse_v1,,,,,,,
1a3aa13d-0df2-4d1c-b6bf-2c31abe476fd,2003,CS,1,61,"Inversion: | Question: 61 In a permutation , of n distinct integers, an inversion is a pair such that and . If all permutations are equally likely, what is the expected number of inversions in a randomly chosen permutation of ? gatecse-2003 algorithms sorting inversion normal",{},2.0,NAT,Inversion,,gate_cse_v1,,,,,,,
387f5077-d26d-4049-8b69-4a12a1753ffb,2018,CS,1,8,Compilation Phases: | Question: 8 Which one of the following statements is FALSE? A. Context-free grammar can be used to specify both lexical and syntax rules B. Type checking is done before parsing C. High-level language programs can be translated to different Intermediate Representations D. Arguments to a function can be passed using the program stack gatecse-2018 compiler-design easy compilation-phases one-mark,"{""A"": ""Context-free grammar can be used to specify both lexical and syntax rules"", ""B"": ""Type checking is done before parsing"", ""C"": ""High-level language programs can be translated to different Intermediate Representations"", ""D"": ""Arguments to a function can be passed using the program stack gatecse-2018 compiler-design easy compilation-phases one-mark""}",1.0,MCQ,Compilation Phases,,gate_cse_v1,,,,,,,
a78711ed-52fc-41ce-96e8-069beef455ea,2006,CS,1,71,"Degree of Graph: | Question: 71 The vertices of a graph corresponds to all subsets of a set of size , for . Two vertices of are adjacent if and only if the corresponding sets intersect in exactly two elements. The number of vertices of degree zero in is: gatecse-2006 graph-theory normal degree-of-graph",{},1.0,NAT,Degree of Graph,,gate_cse_v1,,,,,,,
b338ad4a-9f51-468a-9536-350e707a44cd,2019,CS,1,38,"Graph Connectivity: | Question: 38 Let be any connected, weighted, undirected graph. I. has a unique minimum spanning tree, if no two edges of have the same weight. II. has a unique minimum spanning tree, if, for every cut of , there is a unique minimum-weight edge crossing the cut. Which of the following statements is/are TRUE? gatecse-2019 engineering-mathematics discrete-mathematics graph-theory graph-connectivity two-marks minimum-spanning-tree algorithms graph-algorithms",{},2.0,NAT,Graph Connectivity,,gate_cse_v1,,,,,,,
4d95947b-8287-43f8-bc75-44c22b1eec7d,2004,CS,1,76,"Matrix: | Question: 76 In an matrix all non-zero entries are covered in rows and columns. Then the maximum number of non-zero entries, such that no two are on the same row or column, is gatecse-2004 linear-algebra normal matrix",{},1.0,NAT,Matrix,,gate_cse_v1,,,,,,,
